snapshot_time,source,market_id,event_id,series,title,yes_price,no_price,yes_bid,yes_ask,volume,open_interest,status,result,expiration,floor_strike,cap_strike
2026-02-20T11:00:00+00:00,kalshi,KXHIGHNY-22MAR26-T35,KXHIGHNY-22MAR26,KXHIGHNY,Will NYC high temp be 35F or above on Mar 22?,0.891,0.109,0.871,0.911,4814,387,active,,2026-03-22T00:00:00+00:00,35.0,35.0
2026-02-23T15:00:00+00:00,kalshi,KXHIGHNY-22MAR26-T35,KXHIGHNY-22MAR26,KXHIGHNY,Will NYC high temp be 35F or above on Mar 22?,0.9532,0.0468,0.9332,0.9732,4584,553,active,,2026-03-22T00:00:00+00:00,35.0,35.0
2026-02-26T13:00:00+00:00,kalshi,KXHIGHNY-22MAR26-T35,KXHIGHNY-22MAR26,KXHIGHNY,Will NYC high temp be 35F or above on Mar 22?,0.8393,0.1607,0.8193,0.8593,2759,370,active,,2026-03-22T00:00:00+00:00,35.0,35.0
2026-03-01T19:00:00+00:00,kalshi,KXHIGHNY-22MAR26-T35,KXHIGHNY-22MAR26,KXHIGHNY,Will NYC high temp be 35F or above on Mar 22?,0.9727,0.0273,0.9527,0.9927,3767,287,active,,2026-03-22T00:00:00+00:00,35.0,35.0
2026-03-04T12:00:00+00:00,kalshi,KXHIGHNY-22MAR26-T35,KXHIGHNY-22MAR26,KXHIGHNY,Will NYC high temp be 35F or above on Mar 22?,0.9277,0.0723,0.9077,0.9477,1627,333,active,,2026-03-22T00:00:00+00:00,35.0,35.0
2026-03-07T09:00:00+00:00,kalshi,KXHIGHNY-22MAR26-T35,KXHIGHNY-22MAR26,KXHIGHNY,Will NYC high temp be 35F or above on Mar 22?,0.9583,0.0417,0.9383,0.9783,4439,983,active,,2026-03-22T00:00:00+00:00,35.0,35.0
2026-03-10T20:00:00+00:00,kalshi,KXHIGHNY-22MAR26-T35,KXHIGHNY-22MAR26,KXHIGHNY,Will NYC high temp be 35F or above on Mar 22?,0.9136,0.0864,0.8936,0.9336,4016,293,active,,2026-03-22T00:00:00+00:00,35.0,35.0
2026-03-13T19:00:00+00:00,kalshi,KXHIGHNY-22MAR26-T35,KXHIGHNY-22MAR26,KXHIGHNY,Will NYC high temp be 35F or above on Mar 22?,0.8915,0.1085,0.8715,0.9115,4879,788,active,,2026-03-22T00:00:00+00:00,35.0,35.0
2026-03-16T16:00:00+00:00,kalshi,KXHIGHNY-22MAR26-T35,KXHIGHNY-22MAR26,KXHIGHNY,Will NYC high temp be 35F or above on Mar 22?,0.7897,0.2103,0.7697,0.8097,1640,313,active,,2026-03-22T00:00:00+00:00,35.0,35.0
2026-03-19T11:00:00+00:00,kalshi,KXHIGHNY-22MAR26-T35,KXHIGHNY-22MAR26,KXHIGHNY,Will NYC high temp be 35F or above on Mar 22?,0.8317,0.1683,0.8117,0.8517,1086,290,settled,yes,2026-03-22T00:00:00+00:00,35.0,35.0
2026-02-20T08:00:00+00:00,kalshi,KXHIGHNY-22MAR26-T40,KXHIGHNY-22MAR26,KXHIGHNY,Will NYC high temp be 40F or above on Mar 22?,0.9105,0.0895,0.8905,0.9305,496,576,active,,2026-03-22T00:00:00+00:00,40.0,40.0
2026-02-23T12:00:00+00:00,kalshi,KXHIGHNY-22MAR26-T40,KXHIGHNY-22MAR26,KXHIGHNY,Will NYC high temp be 40F or above on Mar 22?,0.8112,0.1888,0.7912,0.8312,4071,115,active,,2026-03-22T00:00:00+00:00,40.0,40.0
2026-02-26T08:00:00+00:00,kalshi,KXHIGHNY-22MAR26-T40,KXHIGHNY-22MAR26,KXHIGHNY,Will NYC high temp be 40F or above on Mar 22?,0.7919,0.2081,0.7719,0.8119,4752,301,active,,2026-03-22T00:00:00+00:00,40.0,40.0
2026-03-01T15:00:00+00:00,kalshi,KXHIGHNY-22MAR26-T40,KXHIGHNY-22MAR26,KXHIGHNY,Will NYC high temp be 40F or above on Mar 22?,0.7671,0.2329,0.7471,0.7871,470,268,active,,2026-03-22T00:00:00+00:00,40.0,40.0
2026-03-04T15:00:00+00:00,kalshi,KXHIGHNY-22MAR26-T40,KXHIGHNY-22MAR26,KXHIGHNY,Will NYC high temp be 40F or above on Mar 22?,0.8286,0.1714,0.8086,0.8486,984,851,active,,2026-03-22T00:00:00+00:00,40.0,40.0
2026-03-07T09:00:00+00:00,kalshi,KXHIGHNY-22MAR26-T40,KXHIGHNY-22MAR26,KXHIGHNY,Will NYC high temp be 40F or above on Mar 22?,0.8022,0.1978,0.7822,0.8222,489,165,active,,2026-03-22T00:00:00+00:00,40.0,40.0
2026-03-10T10:00:00+00:00,kalshi,KXHIGHNY-22MAR26-T40,KXHIGHNY-22MAR26,KXHIGHNY,Will NYC high temp be 40F or above on Mar 22?,0.8351,0.1649,0.8151,0.8551,4660,981,active,,2026-03-22T00:00:00+00:00,40.0,40.0
2026-03-13T12:00:00+00:00,kalshi,KXHIGHNY-22MAR26-T40,KXHIGHNY-22MAR26,KXHIGHNY,Will NYC high temp be 40F or above on Mar 22?,0.8603,0.1397,0.8403,0.8803,4621,792,active,,2026-03-22T00:00:00+00:00,40.0,40.0
2026-03-16T14:00:00+00:00,kalshi,KXHIGHNY-22MAR26-T40,KXHIGHNY-22MAR26,KXHIGHNY,Will NYC high temp be 40F or above on Mar 22?,0.8445,0.1555,0.8245,0.8645,4933,819,active,,2026-03-22T00:00:00+00:00,40.0,40.0
2026-03-19T17:00:00+00:00,kalshi,KXHIGHNY-22MAR26-T40,KXHIGHNY-22MAR26,KXHIGHNY,Will NYC high temp be 40F or above on Mar 22?,0.8324,0.1676,0.8124,0.8524,3676,314,settled,yes,2026-03-22T00:00:00+00:00,40.0,40.0
2026-02-20T17:00:00+00:00,kalshi,KXHIGHNY-22MAR26-T45,KXHIGHNY-22MAR26,KXHIGHNY,Will NYC high temp be 45F or above on Mar 22?,0.6973,0.3027,0.6773,0.7173,543,634,active,,2026-03-22T00:00:00+00:00,45.0,45.0
2026-02-23T19:00:00+00:00,kalshi,KXHIGHNY-22MAR26-T45,KXHIGHNY-22MAR26,KXHIGHNY,Will NYC high temp be 45F or above on Mar 22?,0.643,0.357,0.623,0.663,862,980,active,,2026-03-22T00:00:00+00:00,45.0,45.0
2026-02-26T20:00:00+00:00,kalshi,KXHIGHNY-22MAR26-T45,KXHIGHNY-22MAR26,KXHIGHNY,Will NYC high temp be 45F or above on Mar 22?,0.657,0.343,0.637,0.677,715,170,active,,2026-03-22T00:00:00+00:00,45.0,45.0
2026-03-01T11:00:00+00:00,kalshi,KXHIGHNY-22MAR26-T45,KXHIGHNY-22MAR26,KXHIGHNY,Will NYC high temp be 45F or above on Mar 22?,0.686,0.314,0.666,0.706,1473,575,active,,2026-03-22T00:00:00+00:00,45.0,45.0
2026-03-04T09:00:00+00:00,kalshi,KXHIGHNY-22MAR26-T45,KXHIGHNY-22MAR26,KXHIGHNY,Will NYC high temp be 45F or above on Mar 22?,0.6802,0.3198,0.6602,0.7002,4914,491,active,,2026-03-22T00:00:00+00:00,45.0,45.0
2026-03-07T12:00:00+00:00,kalshi,KXHIGHNY-22MAR26-T45,KXHIGHNY-22MAR26,KXHIGHNY,Will NYC high temp be 45F or above on Mar 22?,0.6974,0.3026,0.6774,0.7174,317,247,active,,2026-03-22T00:00:00+00:00,45.0,45.0
2026-03-10T12:00:00+00:00,kalshi,KXHIGHNY-22MAR26-T45,KXHIGHNY-22MAR26,KXHIGHNY,Will NYC high temp be 45F or above on Mar 22?,0.6212,0.3788,0.6012,0.6412,3769,82,active,,2026-03-22T00:00:00+00:00,45.0,45.0
2026-03-13T18:00:00+00:00,kalshi,KXHIGHNY-22MAR26-T45,KXHIGHNY-22MAR26,KXHIGHNY,Will NYC high temp be 45F or above on Mar 22?,0.5561,0.4439,0.5361,0.5761,1962,956,active,,2026-03-22T00:00:00+00:00,45.0,45.0
2026-03-16T12:00:00+00:00,kalshi,KXHIGHNY-22MAR26-T45,KXHIGHNY-22MAR26,KXHIGHNY,Will NYC high temp be 45F or above on Mar 22?,0.666,0.334,0.646,0.686,1670,445,active,,2026-03-22T00:00:00+00:00,45.0,45.0
2026-03-19T09:00:00+00:00,kalshi,KXHIGHNY-22MAR26-T45,KXHIGHNY-22MAR26,KXHIGHNY,Will NYC high temp be 45F or above on Mar 22?,0.5645,0.4355,0.5445,0.5845,1215,83,settled,no,2026-03-22T00:00:00+00:00,45.0,45.0
2026-02-20T08:00:00+00:00,kalshi,KXHIGHNY-22MAR26-T50,KXHIGHNY-22MAR26,KXHIGHNY,Will NYC high temp be 50F or above on Mar 22?,0.2963,0.7037,0.2763,0.3163,1409,821,active,,2026-03-22T00:00:00+00:00,50.0,50.0
2026-02-23T12:00:00+00:00,kalshi,KXHIGHNY-22MAR26-T50,KXHIGHNY-22MAR26,KXHIGHNY,Will NYC high temp be 50F or above on Mar 22?,0.3088,0.6912,0.2888,0.3288,2414,459,active,,2026-03-22T00:00:00+00:00,50.0,50.0
2026-02-26T09:00:00+00:00,kalshi,KXHIGHNY-22MAR26-T50,KXHIGHNY-22MAR26,KXHIGHNY,Will NYC high temp be 50F or above on Mar 22?,0.3384,0.6616,0.3184,0.3584,3889,715,active,,2026-03-22T00:00:00+00:00,50.0,50.0
2026-03-01T12:00:00+00:00,kalshi,KXHIGHNY-22MAR26-T50,KXHIGHNY-22MAR26,KXHIGHNY,Will NYC high temp be 50F or above on Mar 22?,0.3567,0.6433,0.3367,0.3767,4149,562,active,,2026-03-22T00:00:00+00:00,50.0,50.0
2026-03-04T15:00:00+00:00,kalshi,KXHIGHNY-22MAR26-T50,KXHIGHNY-22MAR26,KXHIGHNY,Will NYC high temp be 50F or above on Mar 22?,0.2649,0.7351,0.2449,0.2849,3636,92,active,,2026-03-22T00:00:00+00:00,50.0,50.0
2026-03-07T17:00:00+00:00,kalshi,KXHIGHNY-22MAR26-T50,KXHIGHNY-22MAR26,KXHIGHNY,Will NYC high temp be 50F or above on Mar 22?,0.4631,0.5369,0.4431,0.4831,2690,628,active,,2026-03-22T00:00:00+00:00,50.0,50.0
2026-03-10T12:00:00+00:00,kalshi,KXHIGHNY-22MAR26-T50,KXHIGHNY-22MAR26,KXHIGHNY,Will NYC high temp be 50F or above on Mar 22?,0.4171,0.5829,0.3971,0.4371,261,103,active,,2026-03-22T00:00:00+00:00,50.0,50.0
2026-03-13T11:00:00+00:00,kalshi,KXHIGHNY-22MAR26-T50,KXHIGHNY-22MAR26,KXHIGHNY,Will NYC high temp be 50F or above on Mar 22?,0.5121,0.4879,0.4921,0.5321,4762,611,active,,2026-03-22T00:00:00+00:00,50.0,50.0
2026-03-16T08:00:00+00:00,kalshi,KXHIGHNY-22MAR26-T50,KXHIGHNY-22MAR26,KXHIGHNY,Will NYC high temp be 50F or above on Mar 22?,0.3743,0.6257,0.3543,0.3943,2257,600,active,,2026-03-22T00:00:00+00:00,50.0,50.0
2026-03-19T08:00:00+00:00,kalshi,KXHIGHNY-22MAR26-T50,KXHIGHNY-22MAR26,KXHIGHNY,Will NYC high temp be 50F or above on Mar 22?,0.4044,0.5956,0.3844,0.4244,3672,948,settled,no,2026-03-22T00:00:00+00:00,50.0,50.0
2026-02-20T12:00:00+00:00,kalshi,KXHIGHNY-22MAR26-T55,KXHIGHNY-22MAR26,KXHIGHNY,Will NYC high temp be 55F or above on Mar 22?,0.254,0.746,0.234,0.274,4078,103,active,,2026-03-22T00:00:00+00:00,55.0,55.0
2026-02-23T15:00:00+00:00,kalshi,KXHIGHNY-22MAR26-T55,KXHIGHNY-22MAR26,KXHIGHNY,Will NYC high temp be 55F or above on Mar 22?,0.2931,0.7069,0.2731,0.3131,2900,428,active,,2026-03-22T00:00:00+00:00,55.0,55.0
2026-02-26T13:00:00+00:00,kalshi,KXHIGHNY-22MAR26-T55,KXHIGHNY-22MAR26,KXHIGHNY,Will NYC high temp be 55F or above on Mar 22?,0.2086,0.7914,0.1886,0.2286,1367,347,active,,2026-03-22T00:00:00+00:00,55.0,55.0
2026-03-01T14:00:00+00:00,kalshi,KXHIGHNY-22MAR26-T55,KXHIGHNY-22MAR26,KXHIGHNY,Will NYC high temp be 55F or above on Mar 22?,0.2462,0.7538,0.2262,0.2662,4108,305,active,,2026-03-22T00:00:00+00:00,55.0,55.0
2026-03-04T18:00:00+00:00,kalshi,KXHIGHNY-22MAR26-T55,KXHIGHNY-22MAR26,KXHIGHNY,Will NYC high temp be 55F or above on Mar 22?,0.3243,0.6757,0.3043,0.3443,4556,47,active,,2026-03-22T00:00:00+00:00,55.0,55.0
2026-03-07T15:00:00+00:00,kalshi,KXHIGHNY-22MAR26-T55,KXHIGHNY-22MAR26,KXHIGHNY,Will NYC high temp be 55F or above on Mar 22?,0.1837,0.8163,0.1637,0.2037,771,332,active,,2026-03-22T00:00:00+00:00,55.0,55.0
2026-03-10T12:00:00+00:00,kalshi,KXHIGHNY-22MAR26-T55,KXHIGHNY-22MAR26,KXHIGHNY,Will NYC high temp be 55F or above on Mar 22?,0.1501,0.8499,0.1301,0.1701,3361,895,active,,2026-03-22T00:00:00+00:00,55.0,55.0
2026-03-13T16:00:00+00:00,kalshi,KXHIGHNY-22MAR26-T55,KXHIGHNY-22MAR26,KXHIGHNY,Will NYC high temp be 55F or above on Mar 22?,0.3633,0.6367,0.3433,0.3833,59,683,active,,2026-03-22T00:00:00+00:00,55.0,55.0
2026-03-16T16:00:00+00:00,kalshi,KXHIGHNY-22MAR26-T55,KXHIGHNY-22MAR26,KXHIGHNY,Will NYC high temp be 55F or above on Mar 22?,0.2013,0.7987,0.1813,0.2213,4297,380,active,,2026-03-22T00:00:00+00:00,55.0,55.0
2026-03-19T17:00:00+00:00,kalshi,KXHIGHNY-22MAR26-T55,KXHIGHNY-22MAR26,KXHIGHNY,Will NYC high temp be 55F or above on Mar 22?,0.2255,0.7745,0.2055,0.2455,3671,788,active,,2026-03-22T00:00:00+00:00,55.0,55.0
2026-02-20T08:00:00+00:00,kalshi,KXHIGHNY-22MAR26-T60,KXHIGHNY-22MAR26,KXHIGHNY,Will NYC high temp be 60F or above on Mar 22?,0.1186,0.8814,0.0986,0.1386,2409,458,active,,2026-03-22T00:00:00+00:00,60.0,60.0
2026-02-23T19:00:00+00:00,kalshi,KXHIGHNY-22MAR26-T60,KXHIGHNY-22MAR26,KXHIGHNY,Will NYC high temp be 60F or above on Mar 22?,0.1693,0.8307,0.1493,0.1893,4020,134,active,,2026-03-22T00:00:00+00:00,60.0,60.0
2026-02-26T08:00:00+00:00,kalshi,KXHIGHNY-22MAR26-T60,KXHIGHNY-22MAR26,KXHIGHNY,Will NYC high temp be 60F or above on Mar 22?,0.1779,0.8221,0.1579,0.1979,2010,736,active,,2026-03-22T00:00:00+00:00,60.0,60.0
2026-03-01T10:00:00+00:00,kalshi,KXHIGHNY-22MAR26-T60,KXHIGHNY-22MAR26,KXHIGHNY,Will NYC high temp be 60F or above on Mar 22?,0.083,0.917,0.063,0.103,2595,574,active,,2026-03-22T00:00:00+00:00,60.0,60.0
2026-03-04T08:00:00+00:00,kalshi,KXHIGHNY-22MAR26-T60,KXHIGHNY-22MAR26,KXHIGHNY,Will NYC high temp be 60F or above on Mar 22?,0.0717,0.9283,0.0517,0.0917,979,482,active,,2026-03-22T00:00:00+00:00,60.0,60.0
2026-03-07T09:00:00+00:00,kalshi,KXHIGHNY-22MAR26-T60,KXHIGHNY-22MAR26,KXHIGHNY,Will NYC high temp be 60F or above on Mar 22?,0.0882,0.9118,0.0682,0.1082,1311,520,active,,2026-03-22T00:00:00+00:00,60.0,60.0
2026-03-10T19:00:00+00:00,kalshi,KXHIGHNY-22MAR26-T60,KXHIGHNY-22MAR26,KXHIGHNY,Will NYC high temp be 60F or above on Mar 22?,0.0724,0.9276,0.0524,0.0924,3453,864,active,,2026-03-22T00:00:00+00:00,60.0,60.0
2026-03-13T15:00:00+00:00,kalshi,KXHIGHNY-22MAR26-T60,KXHIGHNY-22MAR26,KXHIGHNY,Will NYC high temp be 60F or above on Mar 22?,0.1874,0.8126,0.1674,0.2074,3918,259,active,,2026-03-22T00:00:00+00:00,60.0,60.0
2026-03-16T15:00:00+00:00,kalshi,KXHIGHNY-22MAR26-T60,KXHIGHNY-22MAR26,KXHIGHNY,Will NYC high temp be 60F or above on Mar 22?,0.0408,0.9592,0.0208,0.0608,4960,530,active,,2026-03-22T00:00:00+00:00,60.0,60.0
2026-03-19T19:00:00+00:00,kalshi,KXHIGHNY-22MAR26-T60,KXHIGHNY-22MAR26,KXHIGHNY,Will NYC high temp be 60F or above on Mar 22?,0.0781,0.9219,0.0581,0.0981,621,292,active,,2026-03-22T00:00:00+00:00,60.0,60.0
2026-02-20T20:00:00+00:00,kalshi,KXHIGHCHI-22MAR26-T30,KXHIGHCHI-22MAR26,KXHIGHCHI,Will CHI high temp be 30F or above on Mar 22?,0.9286,0.0714,0.9086,0.9486,4209,283,active,,2026-03-22T00:00:00+00:00,30.0,30.0
2026-02-23T08:00:00+00:00,kalshi,KXHIGHCHI-22MAR26-T30,KXHIGHCHI-22MAR26,KXHIGHCHI,Will CHI high temp be 30F or above on Mar 22?,0.853,0.147,0.833,0.873,2367,753,active,,2026-03-22T00:00:00+00:00,30.0,30.0
2026-02-26T12:00:00+00:00,kalshi,KXHIGHCHI-22MAR26-T30,KXHIGHCHI-22MAR26,KXHIGHCHI,Will CHI high temp be 30F or above on Mar 22?,0.9545,0.0455,0.9345,0.9745,4061,896,active,,2026-03-22T00:00:00+00:00,30.0,30.0
2026-03-01T10:00:00+00:00,kalshi,KXHIGHCHI-22MAR26-T30,KXHIGHCHI-22MAR26,KXHIGHCHI,Will CHI high temp be 30F or above on Mar 22?,0.8458,0.1542,0.8258,0.8658,3708,561,active,,2026-03-22T00:00:00+00:00,30.0,30.0
2026-03-04T15:00:00+00:00,kalshi,KXHIGHCHI-22MAR26-T30,KXHIGHCHI-22MAR26,KXHIGHCHI,Will CHI high temp be 30F or above on Mar 22?,0.8704,0.1296,0.8504,0.8904,4501,396,active,,2026-03-22T00:00:00+00:00,30.0,30.0
2026-03-07T15:00:00+00:00,kalshi,KXHIGHCHI-22MAR26-T30,KXHIGHCHI-22MAR26,KXHIGHCHI,Will CHI high temp be 30F or above on Mar 22?,0.976,0.024,0.956,0.996,2686,900,active,,2026-03-22T00:00:00+00:00,30.0,30.0
2026-03-10T11:00:00+00:00,kalshi,KXHIGHCHI-22MAR26-T30,KXHIGHCHI-22MAR26,KXHIGHCHI,Will CHI high temp be 30F or above on Mar 22?,0.9572,0.0428,0.9372,0.9772,3187,249,active,,2026-03-22T00:00:00+00:00,30.0,30.0
2026-03-13T20:00:00+00:00,kalshi,KXHIGHCHI-22MAR26-T30,KXHIGHCHI-22MAR26,KXHIGHCHI,Will CHI high temp be 30F or above on Mar 22?,0.9079,0.0921,0.8879,0.9279,3415,54,active,,2026-03-22T00:00:00+00:00,30.0,30.0
2026-03-16T13:00:00+00:00,kalshi,KXHIGHCHI-22MAR26-T30,KXHIGHCHI-22MAR26,KXHIGHCHI,Will CHI high temp be 30F or above on Mar 22?,0.9101,0.0899,0.8901,0.9301,3173,405,active,,2026-03-22T00:00:00+00:00,30.0,30.0
2026-03-19T18:00:00+00:00,kalshi,KXHIGHCHI-22MAR26-T30,KXHIGHCHI-22MAR26,KXHIGHCHI,Will CHI high temp be 30F or above on Mar 22?,0.8195,0.1805,0.7995,0.8395,1296,517,active,,2026-03-22T00:00:00+00:00,30.0,30.0
2026-02-20T08:00:00+00:00,kalshi,KXHIGHCHI-22MAR26-T35,KXHIGHCHI-22MAR26,KXHIGHCHI,Will CHI high temp be 35F or above on Mar 22?,0.8984,0.1016,0.8784,0.9184,2769,900,active,,2026-03-22T00:00:00+00:00,35.0,35.0
2026-02-23T09:00:00+00:00,kalshi,KXHIGHCHI-22MAR26-T35,KXHIGHCHI-22MAR26,KXHIGHCHI,Will CHI high temp be 35F or above on Mar 22?,0.9001,0.0999,0.8801,0.9201,3656,112,active,,2026-03-22T00:00:00+00:00,35.0,35.0
2026-02-26T16:00:00+00:00,kalshi,KXHIGHCHI-22MAR26-T35,KXHIGHCHI-22MAR26,KXHIGHCHI,Will CHI high temp be 35F or above on Mar 22?,0.7981,0.2019,0.7781,0.8181,1230,429,active,,2026-03-22T00:00:00+00:00,35.0,35.0
2026-03-01T18:00:00+00:00,kalshi,KXHIGHCHI-22MAR26-T35,KXHIGHCHI-22MAR26,KXHIGHCHI,Will CHI high temp be 35F or above on Mar 22?,0.7836,0.2164,0.7636,0.8036,1314,86,active,,2026-03-22T00:00:00+00:00,35.0,35.0
2026-03-04T15:00:00+00:00,kalshi,KXHIGHCHI-22MAR26-T35,KXHIGHCHI-22MAR26,KXHIGHCHI,Will CHI high temp be 35F or above on Mar 22?,0.7985,0.2015,0.7785,0.8185,3306,675,active,,2026-03-22T00:00:00+00:00,35.0,35.0
2026-03-07T09:00:00+00:00,kalshi,KXHIGHCHI-22MAR26-T35,KXHIGHCHI-22MAR26,KXHIGHCHI,Will CHI high temp be 35F or above on Mar 22?,0.743,0.257,0.723,0.763,2741,882,active,,2026-03-22T00:00:00+00:00,35.0,35.0
2026-03-10T18:00:00+00:00,kalshi,KXHIGHCHI-22MAR26-T35,KXHIGHCHI-22MAR26,KXHIGHCHI,Will CHI high temp be 35F or above on Mar 22?,0.8264,0.1736,0.8064,0.8464,2644,651,active,,2026-03-22T00:00:00+00:00,35.0,35.0
2026-03-13T19:00:00+00:00,kalshi,KXHIGHCHI-22MAR26-T35,KXHIGHCHI-22MAR26,KXHIGHCHI,Will CHI high temp be 35F or above on Mar 22?,0.7439,0.2561,0.7239,0.7639,4047,903,active,,2026-03-22T00:00:00+00:00,35.0,35.0
2026-03-16T16:00:00+00:00,kalshi,KXHIGHCHI-22MAR26-T35,KXHIGHCHI-22MAR26,KXHIGHCHI,Will CHI high temp be 35F or above on Mar 22?,0.8112,0.1888,0.7912,0.8312,2404,242,active,,2026-03-22T00:00:00+00:00,35.0,35.0
2026-03-19T19:00:00+00:00,kalshi,KXHIGHCHI-22MAR26-T35,KXHIGHCHI-22MAR26,KXHIGHCHI,Will CHI high temp be 35F or above on Mar 22?,0.7943,0.2057,0.7743,0.8143,873,464,settled,yes,2026-03-22T00:00:00+00:00,35.0,35.0
2026-02-20T10:00:00+00:00,kalshi,KXHIGHCHI-22MAR26-T40,KXHIGHCHI-22MAR26,KXHIGHCHI,Will CHI high temp be 40F or above on Mar 22?,0.5849,0.4151,0.5649,0.6049,2503,935,active,,2026-03-22T00:00:00+00:00,40.0,40.0
2026-02-23T08:00:00+00:00,kalshi,KXHIGHCHI-22MAR26-T40,KXHIGHCHI-22MAR26,KXHIGHCHI,Will CHI high temp be 40F or above on Mar 22?,0.7013,0.2987,0.6813,0.7213,2453,377,active,,2026-03-22T00:00:00+00:00,40.0,40.0
2026-02-26T13:00:00+00:00,kalshi,KXHIGHCHI-22MAR26-T40,KXHIGHCHI-22MAR26,KXHIGHCHI,Will CHI high temp be 40F or above on Mar 22?,0.6292,0.3708,0.6092,0.6492,3578,159,active,,2026-03-22T00:00:00+00:00,40.0,40.0
2026-03-01T11:00:00+00:00,kalshi,KXHIGHCHI-22MAR26-T40,KXHIGHCHI-22MAR26,KXHIGHCHI,Will CHI high temp be 40F or above on Mar 22?,0.5227,0.4773,0.5027,0.5427,1525,184,active,,2026-03-22T00:00:00+00:00,40.0,40.0
2026-03-04T10:00:00+00:00,kalshi,KXHIGHCHI-22MAR26-T40,KXHIGHCHI-22MAR26,KXHIGHCHI,Will CHI high temp be 40F or above on Mar 22?,0.5836,0.4164,0.5636,0.6036,696,634,active,,2026-03-22T00:00:00+00:00,40.0,40.0
2026-03-07T14:00:00+00:00,kalshi,KXHIGHCHI-22MAR26-T40,KXHIGHCHI-22MAR26,KXHIGHCHI,Will CHI high temp be 40F or above on Mar 22?,0.5662,0.4338,0.5462,0.5862,4827,156,active,,2026-03-22T00:00:00+00:00,40.0,40.0
2026-03-10T11:00:00+00:00,kalshi,KXHIGHCHI-22MAR26-T40,KXHIGHCHI-22MAR26,KXHIGHCHI,Will CHI high temp be 40F or above on Mar 22?,0.5683,0.4317,0.5483,0.5883,3827,663,active,,2026-03-22T00:00:00+00:00,40.0,40.0
2026-03-13T12:00:00+00:00,kalshi,KXHIGHCHI-22MAR26-T40,KXHIGHCHI-22MAR26,KXHIGHCHI,Will CHI high temp be 40F or above on Mar 22?,0.5126,0.4874,0.4926,0.5326,3861,932,active,,2026-03-22T00:00:00+00:00,40.0,40.0
2026-03-16T12:00:00+00:00,kalshi,KXHIGHCHI-22MAR26-T40,KXHIGHCHI-22MAR26,KXHIGHCHI,Will CHI high temp be 40F or above on Mar 22?,0.6211,0.3789,0.6011,0.6411,4527,171,active,,2026-03-22T00:00:00+00:00,40.0,40.0
2026-03-19T09:00:00+00:00,kalshi,KXHIGHCHI-22MAR26-T40,KXHIGHCHI-22MAR26,KXHIGHCHI,Will CHI high temp be 40F or above on Mar 22?,0.5471,0.4529,0.5271,0.5671,3525,716,settled,yes,2026-03-22T00:00:00+00:00,40.0,40.0
2026-02-20T12:00:00+00:00,kalshi,KXHIGHCHI-22MAR26-T45,KXHIGHCHI-22MAR26,KXHIGHCHI,Will CHI high temp be 45F or above on Mar 22?,0.3048,0.6952,0.2848,0.3248,3201,883,active,,2026-03-22T00:00:00+00:00,45.0,45.0
2026-02-23T15:00:00+00:00,kalshi,KXHIGHCHI-22MAR26-T45,KXHIGHCHI-22MAR26,KXHIGHCHI,Will CHI high temp be 45F or above on Mar 22?,0.3675,0.6325,0.3475,0.3875,923,252,active,,2026-03-22T00:00:00+00:00,45.0,45.0
2026-02-26T14:00:00+00:00,kalshi,KXHIGHCHI-22MAR26-T45,KXHIGHCHI-22MAR26,KXHIGHCHI,Will CHI high temp be 45F or above on Mar 22?,0.2832,0.7168,0.2632,0.3032,2468,32,active,,2026-03-22T00:00:00+00:00,45.0,45.0
2026-03-01T18:00:00+00:00,kalshi,KXHIGHCHI-22MAR26-T45,KXHIGHCHI-22MAR26,KXHIGHCHI,Will CHI high temp be 45F or above on Mar 22?,0.3196,0.6804,0.2996,0.3396,3292,291,active,,2026-03-22T00:00:00+00:00,45.0,45.0
2026-03-04T08:00:00+00:00,kalshi,KXHIGHCHI-22MAR26-T45,KXHIGHCHI-22MAR26,KXHIGHCHI,Will CHI high temp be 45F or above on Mar 22?,0.2703,0.7297,0.2503,0.2903,451,942,active,,2026-03-22T00:00:00+00:00,45.0,45.0
2026-03-07T17:00:00+00:00,kalshi,KXHIGHCHI-22MAR26-T45,KXHIGHCHI-22MAR26,KXHIGHCHI,Will CHI high temp be 45F or above on Mar 22?,0.3171,0.6829,0.2971,0.3371,4119,862,active,,2026-03-22T00:00:00+00:00,45.0,45.0
2026-03-10T12:00:00+00:00,kalshi,KXHIGHCHI-22MAR26-T45,KXHIGHCHI-22MAR26,KXHIGHCHI,Will CHI high temp be 45F or above on Mar 22?,0.3608,0.6392,0.3408,0.3808,2936,234,active,,2026-03-22T00:00:00+00:00,45.0,45.0
2026-03-13T18:00:00+00:00,kalshi,KXHIGHCHI-22MAR26-T45,KXHIGHCHI-22MAR26,KXHIGHCHI,Will CHI high temp be 45F or above on Mar 22?,0.311,0.689,0.291,0.331,1607,645,active,,2026-03-22T00:00:00+00:00,45.0,45.0
2026-03-16T12:00:00+00:00,kalshi,KXHIGHCHI-22MAR26-T45,KXHIGHCHI-22MAR26,KXHIGHCHI,Will CHI high temp be 45F or above on Mar 22?,0.3118,0.6882,0.2918,0.3318,1170,653,active,,2026-03-22T00:00:00+00:00,45.0,45.0
2026-03-19T09:00:00+00:00,kalshi,KXHIGHCHI-22MAR26-T45,KXHIGHCHI-22MAR26,KXHIGHCHI,Will CHI high temp be 45F or above on Mar 22?,0.2677,0.7323,0.2477,0.2877,372,326,active,,2026-03-22T00:00:00+00:00,45.0,45.0
2026-02-20T20:00:00+00:00,kalshi,KXHIGHCHI-22MAR26-T50,KXHIGHCHI-22MAR26,KXHIGHCHI,Will CHI high temp be 50F or above on Mar 22?,0.1151,0.8849,0.0951,0.1351,1126,102,active,,2026-03-22T00:00:00+00:00,50.0,50.0
2026-02-23T12:00:00+00:00,kalshi,KXHIGHCHI-22MAR26-T50,KXHIGHCHI-22MAR26,KXHIGHCHI,Will CHI high temp be 50F or above on Mar 22?,0.2174,0.7826,0.1974,0.2374,2726,775,active,,2026-03-22T00:00:00+00:00,50.0,50.0
2026-02-26T14:00:00+00:00,kalshi,KXHIGHCHI-22MAR26-T50,KXHIGHCHI-22MAR26,KXHIGHCHI,Will CHI high temp be 50F or above on Mar 22?,0.203,0.797,0.183,0.223,4468,907,active,,2026-03-22T00:00:00+00:00,50.0,50.0
2026-03-01T13:00:00+00:00,kalshi,KXHIGHCHI-22MAR26-T50,KXHIGHCHI-22MAR26,KXHIGHCHI,Will CHI high temp be 50F or above on Mar 22?,0.2172,0.7828,0.1972,0.2372,4398,523,active,,2026-03-22T00:00:00+00:00,50.0,50.0
2026-03-04T12:00:00+00:00,kalshi,KXHIGHCHI-22MAR26-T50,KXHIGHCHI-22MAR26,KXHIGHCHI,Will CHI high temp be 50F or above on Mar 22?,0.2111,0.7889,0.1911,0.2311,3997,1000,active,,2026-03-22T00:00:00+00:00,50.0,50.0
2026-03-07T20:00:00+00:00,kalshi,KXHIGHCHI-22MAR26-T50,KXHIGHCHI-22MAR26,KXHIGHCHI,Will CHI high temp be 50F or above on Mar 22?,0.1482,0.8518,0.1282,0.1682,2467,774,active,,2026-03-22T00:00:00+00:00,50.0,50.0
2026-03-10T13:00:00+00:00,kalshi,KXHIGHCHI-22MAR26-T50,KXHIGHCHI-22MAR26,KXHIGHCHI,Will CHI high temp be 50F or above on Mar 22?,0.2112,0.7888,0.1912,0.2312,666,154,active,,2026-03-22T00:00:00+00:00,50.0,50.0
2026-03-13T20:00:00+00:00,kalshi,KXHIGHCHI-22MAR26-T50,KXHIGHCHI-22MAR26,KXHIGHCHI,Will CHI high temp be 50F or above on Mar 22?,0.1251,0.8749,0.1051,0.1451,1898,890,active,,2026-03-22T00:00:00+00:00,50.0,50.0
2026-03-16T18:00:00+00:00,kalshi,KXHIGHCHI-22MAR26-T50,KXHIGHCHI-22MAR26,KXHIGHCHI,Will CHI high temp be 50F or above on Mar 22?,0.1616,0.8384,0.1416,0.1816,4615,384,active,,2026-03-22T00:00:00+00:00,50.0,50.0
2026-03-19T09:00:00+00:00,kalshi,KXHIGHCHI-22MAR26-T50,KXHIGHCHI-22MAR26,KXHIGHCHI,Will CHI high temp be 50F or above on Mar 22?,0.0231,0.9769,0.0031,0.0431,164,280,active,,2026-03-22T00:00:00+00:00,50.0,50.0
2026-02-20T16:00:00+00:00,kalshi,KXHIGHCHI-22MAR26-T55,KXHIGHCHI-22MAR26,KXHIGHCHI,Will CHI high temp be 55F or above on Mar 22?,0.1231,0.8769,0.1031,0.1431,2197,608,active,,2026-03-22T00:00:00+00:00,55.0,55.0
2026-02-23T14:00:00+00:00,kalshi,KXHIGHCHI-22MAR26-T55,KXHIGHCHI-22MAR26,KXHIGHCHI,Will CHI high temp be 55F or above on Mar 22?,0.1224,0.8776,0.1024,0.1424,3093,120,active,,2026-03-22T00:00:00+00:00,55.0,55.0
2026-02-26T18:00:00+00:00,kalshi,KXHIGHCHI-22MAR26-T55,KXHIGHCHI-22MAR26,KXHIGHCHI,Will CHI high temp be 55F or above on Mar 22?,0.0835,0.9165,0.0635,0.1035,4649,345,active,,2026-03-22T00:00:00+00:00,55.0,55.0
2026-03-01T17:00:00+00:00,kalshi,KXHIGHCHI-22MAR26-T55,KXHIGHCHI-22MAR26,KXHIGHCHI,Will CHI high temp be 55F or above on Mar 22?,0.0955,0.9045,0.0755,0.1155,1863,673,active,,2026-03-22T00:00:00+00:00,55.0,55.0
2026-03-04T09:00:00+00:00,kalshi,KXHIGHCHI-22MAR26-T55,KXHIGHCHI-22MAR26,KXHIGHCHI,Will CHI high temp be 55F or above on Mar 22?,0.0379,0.9621,0.0179,0.0579,2525,674,active,,2026-03-22T00:00:00+00:00,55.0,55.0
2026-03-07T14:00:00+00:00,kalshi,KXHIGHCHI-22MAR26-T55,KXHIGHCHI-22MAR26,KXHIGHCHI,Will CHI high temp be 55F or above on Mar 22?,0.0317,0.9683,0.0117,0.0517,1005,153,active,,2026-03-22T00:00:00+00:00,55.0,55.0
2026-03-10T08:00:00+00:00,kalshi,KXHIGHCHI-22MAR26-T55,KXHIGHCHI-22MAR26,KXHIGHCHI,Will CHI high temp be 55F or above on Mar 22?,0.1303,0.8697,0.1103,0.1503,4085,128,active,,2026-03-22T00:00:00+00:00,55.0,55.0
2026-03-13T09:00:00+00:00,kalshi,KXHIGHCHI-22MAR26-T55,KXHIGHCHI-22MAR26,KXHIGHCHI,Will CHI high temp be 55F or above on Mar 22?,0.0651,0.9349,0.0451,0.0851,1973,918,active,,2026-03-22T00:00:00+00:00,55.0,55.0
2026-03-16T16:00:00+00:00,kalshi,KXHIGHCHI-22MAR26-T55,KXHIGHCHI-22MAR26,KXHIGHCHI,Will CHI high temp be 55F or above on Mar 22?,0.1255,0.8745,0.1055,0.1455,4475,439,active,,2026-03-22T00:00:00+00:00,55.0,55.0
2026-03-19T17:00:00+00:00,kalshi,KXHIGHCHI-22MAR26-T55,KXHIGHCHI-22MAR26,KXHIGHCHI,Will CHI high temp be 55F or above on Mar 22?,0.1317,0.8683,0.1117,0.1517,1315,916,active,,2026-03-22T00:00:00+00:00,55.0,55.0
2026-02-20T14:00:00+00:00,kalshi,KXHIGHLAX-22MAR26-T60,KXHIGHLAX-22MAR26,KXHIGHLAX,Will LAX high temp be 60F or above on Mar 22?,0.7574,0.2426,0.7374,0.7774,3393,971,active,,2026-03-22T00:00:00+00:00,60.0,60.0
2026-02-23T12:00:00+00:00,kalshi,KXHIGHLAX-22MAR26-T60,KXHIGHLAX-22MAR26,KXHIGHLAX,Will LAX high temp be 60F or above on Mar 22?,0.7274,0.2726,0.7074,0.7474,318,716,active,,2026-03-22T00:00:00+00:00,60.0,60.0
2026-02-26T13:00:00+00:00,kalshi,KXHIGHLAX-22MAR26-T60,KXHIGHLAX-22MAR26,KXHIGHLAX,Will LAX high temp be 60F or above on Mar 22?,0.8346,0.1654,0.8146,0.8546,1984,885,active,,2026-03-22T00:00:00+00:00,60.0,60.0
2026-03-01T13:00:00+00:00,kalshi,KXHIGHLAX-22MAR26-T60,KXHIGHLAX-22MAR26,KXHIGHLAX,Will LAX high temp be 60F or above on Mar 22?,0.8851,0.1149,0.8651,0.9051,863,712,active,,2026-03-22T00:00:00+00:00,60.0,60.0
2026-03-04T13:00:00+00:00,kalshi,KXHIGHLAX-22MAR26-T60,KXHIGHLAX-22MAR26,KXHIGHLAX,Will LAX high temp be 60F or above on Mar 22?,0.6621,0.3379,0.6421,0.6821,2988,72,active,,2026-03-22T00:00:00+00:00,60.0,60.0
2026-03-07T14:00:00+00:00,kalshi,KXHIGHLAX-22MAR26-T60,KXHIGHLAX-22MAR26,KXHIGHLAX,Will LAX high temp be 60F or above on Mar 22?,0.7757,0.2243,0.7557,0.7957,2310,204,active,,2026-03-22T00:00:00+00:00,60.0,60.0
2026-03-10T09:00:00+00:00,kalshi,KXHIGHLAX-22MAR26-T60,KXHIGHLAX-22MAR26,KXHIGHLAX,Will LAX high temp be 60F or above on Mar 22?,0.9275,0.0725,0.9075,0.9475,800,688,active,,2026-03-22T00:00:00+00:00,60.0,60.0
2026-03-13T11:00:00+00:00,kalshi,KXHIGHLAX-22MAR26-T60,KXHIGHLAX-22MAR26,KXHIGHLAX,Will LAX high temp be 60F or above on Mar 22?,0.7861,0.2139,0.7661,0.8061,4941,31,active,,2026-03-22T00:00:00+00:00,60.0,60.0
2026-03-16T08:00:00+00:00,kalshi,KXHIGHLAX-22MAR26-T60,KXHIGHLAX-22MAR26,KXHIGHLAX,Will LAX high temp be 60F or above on Mar 22?,0.8316,0.1684,0.8116,0.8516,1081,815,active,,2026-03-22T00:00:00+00:00,60.0,60.0
2026-03-19T17:00:00+00:00,kalshi,KXHIGHLAX-22MAR26-T60,KXHIGHLAX-22MAR26,KXHIGHLAX,Will LAX high temp be 60F or above on Mar 22?,0.7777,0.2223,0.7577,0.7977,4853,231,settled,yes,2026-03-22T00:00:00+00:00,60.0,60.0
2026-02-20T11:00:00+00:00,kalshi,KXHIGHLAX-22MAR26-T65,KXHIGHLAX-22MAR26,KXHIGHLAX,Will LAX high temp be 65F or above on Mar 22?,0.5793,0.4207,0.5593,0.5993,2741,802,active,,2026-03-22T00:00:00+00:00,65.0,65.0
2026-02-23T10:00:00+00:00,kalshi,KXHIGHLAX-22MAR26-T65,KXHIGHLAX-22MAR26,KXHIGHLAX,Will LAX high temp be 65F or above on Mar 22?,0.6656,0.3344,0.6456,0.6856,2321,889,active,,2026-03-22T00:00:00+00:00,65.0,65.0
2026-02-26T10:00:00+00:00,kalshi,KXHIGHLAX-22MAR26-T65,KXHIGHLAX-22MAR26,KXHIGHLAX,Will LAX high temp be 65F or above on Mar 22?,0.5678,0.4322,0.5478,0.5878,1114,563,active,,2026-03-22T00:00:00+00:00,65.0,65.0
2026-03-01T12:00:00+00:00,kalshi,KXHIGHLAX-22MAR26-T65,KXHIGHLAX-22MAR26,KXHIGHLAX,Will LAX high temp be 65F or above on Mar 22?,0.6549,0.3451,0.6349,0.6749,261,144,active,,2026-03-22T00:00:00+00:00,65.0,65.0
2026-03-04T08:00:00+00:00,kalshi,KXHIGHLAX-22MAR26-T65,KXHIGHLAX-22MAR26,KXHIGHLAX,Will LAX high temp be 65F or above on Mar 22?,0.6185,0.3815,0.5985,0.6385,2984,818,active,,2026-03-22T00:00:00+00:00,65.0,65.0
2026-03-07T20:00:00+00:00,kalshi,KXHIGHLAX-22MAR26-T65,KXHIGHLAX-22MAR26,KXHIGHLAX,Will LAX high temp be 65F or above on Mar 22?,0.6502,0.3498,0.6302,0.6702,1477,281,active,,2026-03-22T00:00:00+00:00,65.0,65.0
2026-03-10T08:00:00+00:00,kalshi,KXHIGHLAX-22MAR26-T65,KXHIGHLAX-22MAR26,KXHIGHLAX,Will LAX high temp be 65F or above on Mar 22?,0.6991,0.3009,0.6791,0.7191,1088,769,active,,2026-03-22T00:00:00+00:00,65.0,65.0
2026-03-13T14:00:00+00:00,kalshi,KXHIGHLAX-22MAR26-T65,KXHIGHLAX-22MAR26,KXHIGHLAX,Will LAX high temp be 65F or above on Mar 22?,0.5482,0.4518,0.5282,0.5682,3951,469,active,,2026-03-22T00:00:00+00:00,65.0,65.0
2026-03-16T20:00:00+00:00,kalshi,KXHIGHLAX-22MAR26-T65,KXHIGHLAX-22MAR26,KXHIGHLAX,Will LAX high temp be 65F or above on Mar 22?,0.63,0.37,0.61,0.65,3015,535,active,,2026-03-22T00:00:00+00:00,65.0,65.0
2026-03-19T17:00:00+00:00,kalshi,KXHIGHLAX-22MAR26-T65,KXHIGHLAX-22MAR26,KXHIGHLAX,Will LAX high temp be 65F or above on Mar 22?,0.7012,0.2988,0.6812,0.7212,405,754,active,,2026-03-22T00:00:00+00:00,65.0,65.0
2026-02-20T20:00:00+00:00,kalshi,KXHIGHLAX-22MAR26-T70,KXHIGHLAX-22MAR26,KXHIGHLAX,Will LAX high temp be 70F or above on Mar 22?,0.4462,0.5538,0.4262,0.4662,4321,318,active,,2026-03-22T00:00:00+00:00,70.0,70.0
2026-02-23T15:00:00+00:00,kalshi,KXHIGHLAX-22MAR26-T70,KXHIGHLAX-22MAR26,KXHIGHLAX,Will LAX high temp be 70F or above on Mar 22?,0.3919,0.6081,0.3719,0.4119,3973,877,active,,2026-03-22T00:00:00+00:00,70.0,70.0
2026-02-26T14:00:00+00:00,kalshi,KXHIGHLAX-22MAR26-T70,KXHIGHLAX-22MAR26,KXHIGHLAX,Will LAX high temp be 70F or above on Mar 22?,0.3895,0.6105,0.3695,0.4095,3542,712,active,,2026-03-22T00:00:00+00:00,70.0,70.0
2026-03-01T09:00:00+00:00,kalshi,KXHIGHLAX-22MAR26-T70,KXHIGHLAX-22MAR26,KXHIGHLAX,Will LAX high temp be 70F or above on Mar 22?,0.27,0.73,0.25,0.29,652,930,active,,2026-03-22T00:00:00+00:00,70.0,70.0
2026-03-04T09:00:00+00:00,kalshi,KXHIGHLAX-22MAR26-T70,KXHIGHLAX-22MAR26,KXHIGHLAX,Will LAX high temp be 70F or above on Mar 22?,0.4093,0.5907,0.3893,0.4293,2688,632,active,,2026-03-22T00:00:00+00:00,70.0,70.0
2026-03-07T10:00:00+00:00,kalshi,KXHIGHLAX-22MAR26-T70,KXHIGHLAX-22MAR26,KXHIGHLAX,Will LAX high temp be 70F or above on Mar 22?,0.4454,0.5546,0.4254,0.4654,4845,571,active,,2026-03-22T00:00:00+00:00,70.0,70.0
2026-03-10T19:00:00+00:00,kalshi,KXHIGHLAX-22MAR26-T70,KXHIGHLAX-22MAR26,KXHIGHLAX,Will LAX high temp be 70F or above on Mar 22?,0.4206,0.5794,0.4006,0.4406,2713,400,active,,2026-03-22T00:00:00+00:00,70.0,70.0
2026-03-13T17:00:00+00:00,kalshi,KXHIGHLAX-22MAR26-T70,KXHIGHLAX-22MAR26,KXHIGHLAX,Will LAX high temp be 70F or above on Mar 22?,0.3365,0.6635,0.3165,0.3565,3574,111,active,,2026-03-22T00:00:00+00:00,70.0,70.0
2026-03-16T20:00:00+00:00,kalshi,KXHIGHLAX-22MAR26-T70,KXHIGHLAX-22MAR26,KXHIGHLAX,Will LAX high temp be 70F or above on Mar 22?,0.3887,0.6113,0.3687,0.4087,987,883,active,,2026-03-22T00:00:00+00:00,70.0,70.0
2026-03-19T18:00:00+00:00,kalshi,KXHIGHLAX-22MAR26-T70,KXHIGHLAX-22MAR26,KXHIGHLAX,Will LAX high temp be 70F or above on Mar 22?,0.3414,0.6586,0.3214,0.3614,1811,450,active,,2026-03-22T00:00:00+00:00,70.0,70.0
2026-02-20T15:00:00+00:00,kalshi,KXHIGHLAX-22MAR26-T75,KXHIGHLAX-22MAR26,KXHIGHLAX,Will LAX high temp be 75F or above on Mar 22?,0.1373,0.8627,0.1173,0.1573,1921,433,active,,2026-03-22T00:00:00+00:00,75.0,75.0
2026-02-23T13:00:00+00:00,kalshi,KXHIGHLAX-22MAR26-T75,KXHIGHLAX-22MAR26,KXHIGHLAX,Will LAX high temp be 75F or above on Mar 22?,0.2491,0.7509,0.2291,0.2691,828,330,active,,2026-03-22T00:00:00+00:00,75.0,75.0
2026-02-26T14:00:00+00:00,kalshi,KXHIGHLAX-22MAR26-T75,KXHIGHLAX-22MAR26,KXHIGHLAX,Will LAX high temp be 75F or above on Mar 22?,0.1673,0.8327,0.1473,0.1873,2610,691,active,,2026-03-22T00:00:00+00:00,75.0,75.0
2026-03-01T12:00:00+00:00,kalshi,KXHIGHLAX-22MAR26-T75,KXHIGHLAX-22MAR26,KXHIGHLAX,Will LAX high temp be 75F or above on Mar 22?,0.1965,0.8035,0.1765,0.2165,3935,78,active,,2026-03-22T00:00:00+00:00,75.0,75.0
2026-03-04T09:00:00+00:00,kalshi,KXHIGHLAX-22MAR26-T75,KXHIGHLAX-22MAR26,KXHIGHLAX,Will LAX high temp be 75F or above on Mar 22?,0.2453,0.7547,0.2253,0.2653,749,105,active,,2026-03-22T00:00:00+00:00,75.0,75.0
2026-03-07T14:00:00+00:00,kalshi,KXHIGHLAX-22MAR26-T75,KXHIGHLAX-22MAR26,KXHIGHLAX,Will LAX high temp be 75F or above on Mar 22?,0.3016,0.6984,0.2816,0.3216,1115,579,active,,2026-03-22T00:00:00+00:00,75.0,75.0
2026-03-10T08:00:00+00:00,kalshi,KXHIGHLAX-22MAR26-T75,KXHIGHLAX-22MAR26,KXHIGHLAX,Will LAX high temp be 75F or above on Mar 22?,0.2768,0.7232,0.2568,0.2968,4854,989,active,,2026-03-22T00:00:00+00:00,75.0,75.0
2026-03-13T16:00:00+00:00,kalshi,KXHIGHLAX-22MAR26-T75,KXHIGHLAX-22MAR26,KXHIGHLAX,Will LAX high temp be 75F or above on Mar 22?,0.1381,0.8619,0.1181,0.1581,3415,372,active,,2026-03-22T00:00:00+00:00,75.0,75.0
2026-03-16T18:00:00+00:00,kalshi,KXHIGHLAX-22MAR26-T75,KXHIGHLAX-22MAR26,KXHIGHLAX,Will LAX high temp be 75F or above on Mar 22?,0.187,0.813,0.167,0.207,3514,898,active,,2026-03-22T00:00:00+00:00,75.0,75.0
2026-03-19T19:00:00+00:00,kalshi,KXHIGHLAX-22MAR26-T75,KXHIGHLAX-22MAR26,KXHIGHLAX,Will LAX high temp be 75F or above on Mar 22?,0.2676,0.7324,0.2476,0.2876,898,601,settled,no,2026-03-22T00:00:00+00:00,75.0,75.0
2026-02-20T16:00:00+00:00,kalshi,KXHIGHLAX-22MAR26-T80,KXHIGHLAX-22MAR26,KXHIGHLAX,Will LAX high temp be 80F or above on Mar 22?,0.1172,0.8828,0.0972,0.1372,1887,877,active,,2026-03-22T00:00:00+00:00,80.0,80.0
2026-02-23T09:00:00+00:00,kalshi,KXHIGHLAX-22MAR26-T80,KXHIGHLAX-22MAR26,KXHIGHLAX,Will LAX high temp be 80F or above on Mar 22?,0.1822,0.8178,0.1622,0.2022,2918,875,active,,2026-03-22T00:00:00+00:00,80.0,80.0
2026-02-26T16:00:00+00:00,kalshi,KXHIGHLAX-22MAR26-T80,KXHIGHLAX-22MAR26,KXHIGHLAX,Will LAX high temp be 80F or above on Mar 22?,0.0283,0.9717,0.0083,0.0483,4753,241,active,,2026-03-22T00:00:00+00:00,80.0,80.0
2026-03-01T20:00:00+00:00,kalshi,KXHIGHLAX-22MAR26-T80,KXHIGHLAX-22MAR26,KXHIGHLAX,Will LAX high temp be 80F or above on Mar 22?,0.172,0.828,0.152,0.192,3565,875,active,,2026-03-22T00:00:00+00:00,80.0,80.0
2026-03-04T16:00:00+00:00,kalshi,KXHIGHLAX-22MAR26-T80,KXHIGHLAX-22MAR26,KXHIGHLAX,Will LAX high temp be 80F or above on Mar 22?,0.2062,0.7938,0.1862,0.2262,4610,36,active,,2026-03-22T00:00:00+00:00,80.0,80.0
2026-03-07T17:00:00+00:00,kalshi,KXHIGHLAX-22MAR26-T80,KXHIGHLAX-22MAR26,KXHIGHLAX,Will LAX high temp be 80F or above on Mar 22?,0.0792,0.9208,0.0592,0.0992,2240,39,active,,2026-03-22T00:00:00+00:00,80.0,80.0
2026-03-10T10:00:00+00:00,kalshi,KXHIGHLAX-22MAR26-T80,KXHIGHLAX-22MAR26,KXHIGHLAX,Will LAX high temp be 80F or above on Mar 22?,0.082,0.918,0.062,0.102,2833,369,active,,2026-03-22T00:00:00+00:00,80.0,80.0
2026-03-13T08:00:00+00:00,kalshi,KXHIGHLAX-22MAR26-T80,KXHIGHLAX-22MAR26,KXHIGHLAX,Will LAX high temp be 80F or above on Mar 22?,0.1974,0.8026,0.1774,0.2174,1536,900,active,,2026-03-22T00:00:00+00:00,80.0,80.0
2026-03-16T10:00:00+00:00,kalshi,KXHIGHLAX-22MAR26-T80,KXHIGHLAX-22MAR26,KXHIGHLAX,Will LAX high temp be 80F or above on Mar 22?,0.0413,0.9587,0.0213,0.0613,1212,768,active,,2026-03-22T00:00:00+00:00,80.0,80.0
2026-03-19T18:00:00+00:00,kalshi,KXHIGHLAX-22MAR26-T80,KXHIGHLAX-22MAR26,KXHIGHLAX,Will LAX high temp be 80F or above on Mar 22?,0.0722,0.9278,0.0522,0.0922,801,774,active,,2026-03-22T00:00:00+00:00,80.0,80.0
2026-02-20T16:00:00+00:00,kalshi,KXHIGHMI-22MAR26-T72,KXHIGHMI-22MAR26,KXHIGHMI,Will MIA high temp be 72F or above on Mar 22?,0.835,0.165,0.815,0.855,2842,171,active,,2026-03-22T00:00:00+00:00,72.0,72.0
2026-02-23T13:00:00+00:00,kalshi,KXHIGHMI-22MAR26-T72,KXHIGHMI-22MAR26,KXHIGHMI,Will MIA high temp be 72F or above on Mar 22?,0.8825,0.1175,0.8625,0.9025,2602,748,active,,2026-03-22T00:00:00+00:00,72.0,72.0
2026-02-26T13:00:00+00:00,kalshi,KXHIGHMI-22MAR26-T72,KXHIGHMI-22MAR26,KXHIGHMI,Will MIA high temp be 72F or above on Mar 22?,0.8344,0.1656,0.8144,0.8544,745,914,active,,2026-03-22T00:00:00+00:00,72.0,72.0
2026-03-01T08:00:00+00:00,kalshi,KXHIGHMI-22MAR26-T72,KXHIGHMI-22MAR26,KXHIGHMI,Will MIA high temp be 72F or above on Mar 22?,0.7448,0.2552,0.7248,0.7648,1324,171,active,,2026-03-22T00:00:00+00:00,72.0,72.0
2026-03-04T20:00:00+00:00,kalshi,KXHIGHMI-22MAR26-T72,KXHIGHMI-22MAR26,KXHIGHMI,Will MIA high temp be 72F or above on Mar 22?,0.755,0.245,0.735,0.775,2279,463,active,,2026-03-22T00:00:00+00:00,72.0,72.0
2026-03-07T18:00:00+00:00,kalshi,KXHIGHMI-22MAR26-T72,KXHIGHMI-22MAR26,KXHIGHMI,Will MIA high temp be 72F or above on Mar 22?,0.7607,0.2393,0.7407,0.7807,3523,507,active,,2026-03-22T00:00:00+00:00,72.0,72.0
2026-03-10T17:00:00+00:00,kalshi,KXHIGHMI-22MAR26-T72,KXHIGHMI-22MAR26,KXHIGHMI,Will MIA high temp be 72F or above on Mar 22?,0.7766,0.2234,0.7566,0.7966,4247,126,active,,2026-03-22T00:00:00+00:00,72.0,72.0
2026-03-13T13:00:00+00:00,kalshi,KXHIGHMI-22MAR26-T72,KXHIGHMI-22MAR26,KXHIGHMI,Will MIA high temp be 72F or above on Mar 22?,0.8384,0.1616,0.8184,0.8584,3571,123,active,,2026-03-22T00:00:00+00:00,72.0,72.0
2026-03-16T12:00:00+00:00,kalshi,KXHIGHMI-22MAR26-T72,KXHIGHMI-22MAR26,KXHIGHMI,Will MIA high temp be 72F or above on Mar 22?,0.7863,0.2137,0.7663,0.8063,4366,693,active,,2026-03-22T00:00:00+00:00,72.0,72.0
2026-03-19T12:00:00+00:00,kalshi,KXHIGHMI-22MAR26-T72,KXHIGHMI-22MAR26,KXHIGHMI,Will MIA high temp be 72F or above on Mar 22?,0.7489,0.2511,0.7289,0.7689,112,219,settled,no,2026-03-22T00:00:00+00:00,72.0,72.0
2026-02-20T12:00:00+00:00,kalshi,KXHIGHMI-22MAR26-T76,KXHIGHMI-22MAR26,KXHIGHMI,Will MIA high temp be 76F or above on Mar 22?,0.7411,0.2589,0.7211,0.7611,1780,795,active,,2026-03-22T00:00:00+00:00,76.0,76.0
2026-02-23T10:00:00+00:00,kalshi,KXHIGHMI-22MAR26-T76,KXHIGHMI-22MAR26,KXHIGHMI,Will MIA high temp be 76F or above on Mar 22?,0.6959,0.3041,0.6759,0.7159,1032,17,active,,2026-03-22T00:00:00+00:00,76.0,76.0
2026-02-26T15:00:00+00:00,kalshi,KXHIGHMI-22MAR26-T76,KXHIGHMI-22MAR26,KXHIGHMI,Will MIA high temp be 76F or above on Mar 22?,0.6421,0.3579,0.6221,0.6621,3577,189,active,,2026-03-22T00:00:00+00:00,76.0,76.0
2026-03-01T10:00:00+00:00,kalshi,KXHIGHMI-22MAR26-T76,KXHIGHMI-22MAR26,KXHIGHMI,Will MIA high temp be 76F or above on Mar 22?,0.6232,0.3768,0.6032,0.6432,4148,582,active,,2026-03-22T00:00:00+00:00,76.0,76.0
2026-03-04T18:00:00+00:00,kalshi,KXHIGHMI-22MAR26-T76,KXHIGHMI-22MAR26,KXHIGHMI,Will MIA high temp be 76F or above on Mar 22?,0.7554,0.2446,0.7354,0.7754,2951,83,active,,2026-03-22T00:00:00+00:00,76.0,76.0
2026-03-07T14:00:00+00:00,kalshi,KXHIGHMI-22MAR26-T76,KXHIGHMI-22MAR26,KXHIGHMI,Will MIA high temp be 76F or above on Mar 22?,0.7029,0.2971,0.6829,0.7229,203,480,active,,2026-03-22T00:00:00+00:00,76.0,76.0
2026-03-10T09:00:00+00:00,kalshi,KXHIGHMI-22MAR26-T76,KXHIGHMI-22MAR26,KXHIGHMI,Will MIA high temp be 76F or above on Mar 22?,0.678,0.322,0.658,0.698,2614,599,active,,2026-03-22T00:00:00+00:00,76.0,76.0
2026-03-13T14:00:00+00:00,kalshi,KXHIGHMI-22MAR26-T76,KXHIGHMI-22MAR26,KXHIGHMI,Will MIA high temp be 76F or above on Mar 22?,0.607,0.393,0.587,0.627,3471,306,active,,2026-03-22T00:00:00+00:00,76.0,76.0
2026-03-16T09:00:00+00:00,kalshi,KXHIGHMI-22MAR26-T76,KXHIGHMI-22MAR26,KXHIGHMI,Will MIA high temp be 76F or above on Mar 22?,0.6495,0.3505,0.6295,0.6695,3368,31,active,,2026-03-22T00:00:00+00:00,76.0,76.0
2026-03-19T13:00:00+00:00,kalshi,KXHIGHMI-22MAR26-T76,KXHIGHMI-22MAR26,KXHIGHMI,Will MIA high temp be 76F or above on Mar 22?,0.7602,0.2398,0.7402,0.7802,3014,100,settled,yes,2026-03-22T00:00:00+00:00,76.0,76.0
2026-02-20T14:00:00+00:00,kalshi,KXHIGHMI-22MAR26-T80,KXHIGHMI-22MAR26,KXHIGHMI,Will MIA high temp be 80F or above on Mar 22?,0.5251,0.4749,0.5051,0.5451,4874,420,active,,2026-03-22T00:00:00+00:00,80.0,80.0
2026-02-23T16:00:00+00:00,kalshi,KXHIGHMI-22MAR26-T80,KXHIGHMI-22MAR26,KXHIGHMI,Will MIA high temp be 80F or above on Mar 22?,0.4629,0.5371,0.4429,0.4829,694,415,active,,2026-03-22T00:00:00+00:00,80.0,80.0
2026-02-26T12:00:00+00:00,kalshi,KXHIGHMI-22MAR26-T80,KXHIGHMI-22MAR26,KXHIGHMI,Will MIA high temp be 80F or above on Mar 22?,0.4989,0.5011,0.4789,0.5189,1427,88,active,,2026-03-22T00:00:00+00:00,80.0,80.0
2026-03-01T16:00:00+00:00,kalshi,KXHIGHMI-22MAR26-T80,KXHIGHMI-22MAR26,KXHIGHMI,Will MIA high temp be 80F or above on Mar 22?,0.4575,0.5425,0.4375,0.4775,984,553,active,,2026-03-22T00:00:00+00:00,80.0,80.0
2026-03-04T16:00:00+00:00,kalshi,KXHIGHMI-22MAR26-T80,KXHIGHMI-22MAR26,KXHIGHMI,Will MIA high temp be 80F or above on Mar 22?,0.5358,0.4642,0.5158,0.5558,2926,754,active,,2026-03-22T00:00:00+00:00,80.0,80.0
2026-03-07T18:00:00+00:00,kalshi,KXHIGHMI-22MAR26-T80,KXHIGHMI-22MAR26,KXHIGHMI,Will MIA high temp be 80F or above on Mar 22?,0.5974,0.4026,0.5774,0.6174,1259,251,active,,2026-03-22T00:00:00+00:00,80.0,80.0
2026-03-10T09:00:00+00:00,kalshi,KXHIGHMI-22MAR26-T80,KXHIGHMI-22MAR26,KXHIGHMI,Will MIA high temp be 80F or above on Mar 22?,0.5241,0.4759,0.5041,0.5441,4984,166,active,,2026-03-22T00:00:00+00:00,80.0,80.0
2026-03-13T20:00:00+00:00,kalshi,KXHIGHMI-22MAR26-T80,KXHIGHMI-22MAR26,KXHIGHMI,Will MIA high temp be 80F or above on Mar 22?,0.5316,0.4684,0.5116,0.5516,667,191,active,,2026-03-22T00:00:00+00:00,80.0,80.0
2026-03-16T20:00:00+00:00,kalshi,KXHIGHMI-22MAR26-T80,KXHIGHMI-22MAR26,KXHIGHMI,Will MIA high temp be 80F or above on Mar 22?,0.4535,0.5465,0.4335,0.4735,4668,788,active,,2026-03-22T00:00:00+00:00,80.0,80.0
2026-03-19T17:00:00+00:00,kalshi,KXHIGHMI-22MAR26-T80,KXHIGHMI-22MAR26,KXHIGHMI,Will MIA high temp be 80F or above on Mar 22?,0.4518,0.5482,0.4318,0.4718,2697,894,settled,yes,2026-03-22T00:00:00+00:00,80.0,80.0
2026-02-20T18:00:00+00:00,kalshi,KXHIGHMI-22MAR26-T84,KXHIGHMI-22MAR26,KXHIGHMI,Will MIA high temp be 84F or above on Mar 22?,0.273,0.727,0.253,0.293,2639,164,active,,2026-03-22T00:00:00+00:00,84.0,84.0
2026-02-23T15:00:00+00:00,kalshi,KXHIGHMI-22MAR26-T84,KXHIGHMI-22MAR26,KXHIGHMI,Will MIA high temp be 84F or above on Mar 22?,0.3675,0.6325,0.3475,0.3875,2530,825,active,,2026-03-22T00:00:00+00:00,84.0,84.0
2026-02-26T12:00:00+00:00,kalshi,KXHIGHMI-22MAR26-T84,KXHIGHMI-22MAR26,KXHIGHMI,Will MIA high temp be 84F or above on Mar 22?,0.3355,0.6645,0.3155,0.3555,4894,67,active,,2026-03-22T00:00:00+00:00,84.0,84.0
2026-03-01T13:00:00+00:00,kalshi,KXHIGHMI-22MAR26-T84,KXHIGHMI-22MAR26,KXHIGHMI,Will MIA high temp be 84F or above on Mar 22?,0.2569,0.7431,0.2369,0.2769,3752,48,active,,2026-03-22T00:00:00+00:00,84.0,84.0
2026-03-04T08:00:00+00:00,kalshi,KXHIGHMI-22MAR26-T84,KXHIGHMI-22MAR26,KXHIGHMI,Will MIA high temp be 84F or above on Mar 22?,0.3062,0.6938,0.2862,0.3262,3070,861,active,,2026-03-22T00:00:00+00:00,84.0,84.0
2026-03-07T12:00:00+00:00,kalshi,KXHIGHMI-22MAR26-T84,KXHIGHMI-22MAR26,KXHIGHMI,Will MIA high temp be 84F or above on Mar 22?,0.4148,0.5852,0.3948,0.4348,789,639,active,,2026-03-22T00:00:00+00:00,84.0,84.0
2026-03-10T17:00:00+00:00,kalshi,KXHIGHMI-22MAR26-T84,KXHIGHMI-22MAR26,KXHIGHMI,Will MIA high temp be 84F or above on Mar 22?,0.3641,0.6359,0.3441,0.3841,4203,403,active,,2026-03-22T00:00:00+00:00,84.0,84.0
2026-03-13T15:00:00+00:00,kalshi,KXHIGHMI-22MAR26-T84,KXHIGHMI-22MAR26,KXHIGHMI,Will MIA high temp be 84F or above on Mar 22?,0.1781,0.8219,0.1581,0.1981,386,470,active,,2026-03-22T00:00:00+00:00,84.0,84.0
2026-03-16T20:00:00+00:00,kalshi,KXHIGHMI-22MAR26-T84,KXHIGHMI-22MAR26,KXHIGHMI,Will MIA high temp be 84F or above on Mar 22?,0.2365,0.7635,0.2165,0.2565,4733,677,active,,2026-03-22T00:00:00+00:00,84.0,84.0
2026-03-19T11:00:00+00:00,kalshi,KXHIGHMI-22MAR26-T84,KXHIGHMI-22MAR26,KXHIGHMI,Will MIA high temp be 84F or above on Mar 22?,0.2789,0.7211,0.2589,0.2989,556,471,settled,yes,2026-03-22T00:00:00+00:00,84.0,84.0
2026-02-20T09:00:00+00:00,kalshi,KXHIGHMI-22MAR26-T88,KXHIGHMI-22MAR26,KXHIGHMI,Will MIA high temp be 88F or above on Mar 22?,0.2314,0.7686,0.2114,0.2514,740,526,active,,2026-03-22T00:00:00+00:00,88.0,88.0
2026-02-23T18:00:00+00:00,kalshi,KXHIGHMI-22MAR26-T88,KXHIGHMI-22MAR26,KXHIGHMI,Will MIA high temp be 88F or above on Mar 22?,0.0826,0.9174,0.0626,0.1026,1463,50,active,,2026-03-22T00:00:00+00:00,88.0,88.0
2026-02-26T11:00:00+00:00,kalshi,KXHIGHMI-22MAR26-T88,KXHIGHMI-22MAR26,KXHIGHMI,Will MIA high temp be 88F or above on Mar 22?,0.1402,0.8598,0.1202,0.1602,4343,545,active,,2026-03-22T00:00:00+00:00,88.0,88.0
2026-03-01T17:00:00+00:00,kalshi,KXHIGHMI-22MAR26-T88,KXHIGHMI-22MAR26,KXHIGHMI,Will MIA high temp be 88F or above on Mar 22?,0.011,0.989,0.0,0.031,1350,382,active,,2026-03-22T00:00:00+00:00,88.0,88.0
2026-03-04T13:00:00+00:00,kalshi,KXHIGHMI-22MAR26-T88,KXHIGHMI-22MAR26,KXHIGHMI,Will MIA high temp be 88F or above on Mar 22?,0.2403,0.7597,0.2203,0.2603,2821,705,active,,2026-03-22T00:00:00+00:00,88.0,88.0
2026-03-07T17:00:00+00:00,kalshi,KXHIGHMI-22MAR26-T88,KXHIGHMI-22MAR26,KXHIGHMI,Will MIA high temp be 88F or above on Mar 22?,0.1594,0.8406,0.1394,0.1794,478,818,active,,2026-03-22T00:00:00+00:00,88.0,88.0
2026-03-10T18:00:00+00:00,kalshi,KXHIGHMI-22MAR26-T88,KXHIGHMI-22MAR26,KXHIGHMI,Will MIA high temp be 88F or above on Mar 22?,0.1753,0.8247,0.1553,0.1953,824,581,active,,2026-03-22T00:00:00+00:00,88.0,88.0
2026-03-13T18:00:00+00:00,kalshi,KXHIGHMI-22MAR26-T88,KXHIGHMI-22MAR26,KXHIGHMI,Will MIA high temp be 88F or above on Mar 22?,0.171,0.829,0.151,0.191,3216,300,active,,2026-03-22T00:00:00+00:00,88.0,88.0
2026-03-16T12:00:00+00:00,kalshi,KXHIGHMI-22MAR26-T88,KXHIGHMI-22MAR26,KXHIGHMI,Will MIA high temp be 88F or above on Mar 22?,0.1742,0.8258,0.1542,0.1942,4987,904,active,,2026-03-22T00:00:00+00:00,88.0,88.0
2026-03-19T10:00:00+00:00,kalshi,KXHIGHMI-22MAR26-T88,KXHIGHMI-22MAR26,KXHIGHMI,Will MIA high temp be 88F or above on Mar 22?,0.1021,0.8979,0.0821,0.1221,2915,327,settled,no,2026-03-22T00:00:00+00:00,88.0,88.0
2026-02-20T00:00:00+00:00,polymarket,poly-92088,,,Will NYC see a blizzard in March 2026?,0.069,0.931,0.0,0.0,43995,0,active,,2026-03-22T00:00:00+00:00,,
2026-02-25T00:00:00+00:00,polymarket,poly-92088,,,Will NYC see a blizzard in March 2026?,0.0673,0.9327,0.0,0.0,39996,0,active,,2026-03-22T00:00:00+00:00,,
2026-03-02T00:00:00+00:00,polymarket,poly-92088,,,Will NYC see a blizzard in March 2026?,0.0422,0.9578,0.0,0.0,47454,0,active,,2026-03-22T00:00:00+00:00,,
2026-03-07T00:00:00+00:00,polymarket,poly-92088,,,Will NYC see a blizzard in March 2026?,0.1119,0.8881,0.0,0.0,25686,0,active,,2026-03-22T00:00:00+00:00,,
2026-03-12T00:00:00+00:00,polymarket,poly-92088,,,Will NYC see a blizzard in March 2026?,0.0669,0.9331,0.0,0.0,43171,0,active,,2026-03-22T00:00:00+00:00,,
2026-03-17T00:00:00+00:00,polymarket,poly-92088,,,Will NYC see a blizzard in March 2026?,0.099,0.901,0.0,0.0,49416,0,closed,no,2026-03-22T00:00:00+00:00,,
2026-02-20T00:00:00+00:00,polymarket,poly-33429,,,Will Miami hit 90F in March 2026?,0.1792,0.8208,0.0,0.0,45919,0,active,,2026-03-22T00:00:00+00:00,,
2026-02-25T00:00:00+00:00,polymarket,poly-33429,,,Will Miami hit 90F in March 2026?,0.2651,0.7349,0.0,0.0,44939,0,active,,2026-03-22T00:00:00+00:00,,
2026-03-02T00:00:00+00:00,polymarket,poly-33429,,,Will Miami hit 90F in March 2026?,0.2407,0.7593,0.0,0.0,28748,0,active,,2026-03-22T00:00:00+00:00,,
2026-03-07T00:00:00+00:00,polymarket,poly-33429,,,Will Miami hit 90F in March 2026?,0.2423,0.7577,0.0,0.0,21241,0,active,,2026-03-22T00:00:00+00:00,,
2026-03-12T00:00:00+00:00,polymarket,poly-33429,,,Will Miami hit 90F in March 2026?,0.2496,0.7504,0.0,0.0,12813,0,active,,2026-03-22T00:00:00+00:00,,
2026-03-17T00:00:00+00:00,polymarket,poly-33429,,,Will Miami hit 90F in March 2026?,0.2849,0.7151,0.0,0.0,13583,0,closed,no,2026-03-22T00:00:00+00:00,,
2026-02-20T00:00:00+00:00,polymarket,poly-68359,,,Will a Category 4+ hurricane form before April 2026?,0.01,0.99,0.0,0.0,15846,0,active,,2026-03-22T00:00:00+00:00,,
2026-02-25T00:00:00+00:00,polymarket,poly-68359,,,Will a Category 4+ hurricane form before April 2026?,0.0432,0.9568,0.0,0.0,20385,0,active,,2026-03-22T00:00:00+00:00,,
2026-03-02T00:00:00+00:00,polymarket,poly-68359,,,Will a Category 4+ hurricane form before April 2026?,0.02,0.98,0.0,0.0,7628,0,active,,2026-03-22T00:00:00+00:00,,
2026-03-07T00:00:00+00:00,polymarket,poly-68359,,,Will a Category 4+ hurricane form before April 2026?,0.01,0.99,0.0,0.0,49407,0,active,,2026-03-22T00:00:00+00:00,,
2026-03-12T00:00:00+00:00,polymarket,poly-68359,,,Will a Category 4+ hurricane form before April 2026?,0.0176,0.9824,0.0,0.0,35506,0,active,,2026-03-22T00:00:00+00:00,,
2026-03-17T00:00:00+00:00,polymarket,poly-68359,,,Will a Category 4+ hurricane form before April 2026?,0.0552,0.9448,0.0,0.0,9588,0,closed,no,2026-03-22T00:00:00+00:00,,
2026-02-20T00:00:00+00:00,polymarket,poly-48245,,,Will LA get more than 1 inch of rain in a day in March?,0.1285,0.8715,0.0,0.0,40141,0,active,,2026-03-22T00:00:00+00:00,,
2026-02-25T00:00:00+00:00,polymarket,poly-48245,,,Will LA get more than 1 inch of rain in a day in March?,0.103,0.897,0.0,0.0,46406,0,active,,2026-03-22T00:00:00+00:00,,
2026-03-02T00:00:00+00:00,polymarket,poly-48245,,,Will LA get more than 1 inch of rain in a day in March?,0.1366,0.8634,0.0,0.0,41942,0,active,,2026-03-22T00:00:00+00:00,,
2026-03-07T00:00:00+00:00,polymarket,poly-48245,,,Will LA get more than 1 inch of rain in a day in March?,0.1287,0.8713,0.0,0.0,29683,0,active,,2026-03-22T00:00:00+00:00,,
2026-03-12T00:00:00+00:00,polymarket,poly-48245,,,Will LA get more than 1 inch of rain in a day in March?,0.0976,0.9024,0.0,0.0,3863,0,active,,2026-03-22T00:00:00+00:00,,
2026-03-17T00:00:00+00:00,polymarket,poly-48245,,,Will LA get more than 1 inch of rain in a day in March?,0.0691,0.9309,0.0,0.0,30111,0,closed,no,2026-03-22T00:00:00+00:00,,
2026-02-20T00:00:00+00:00,polymarket,poly-72258,,,Will Chicago have a day below 0F in March 2026?,0.0819,0.9181,0.0,0.0,41015,0,active,,2026-03-22T00:00:00+00:00,,
2026-02-25T00:00:00+00:00,polymarket,poly-72258,,,Will Chicago have a day below 0F in March 2026?,0.0355,0.9645,0.0,0.0,30420,0,active,,2026-03-22T00:00:00+00:00,,
2026-03-02T00:00:00+00:00,polymarket,poly-72258,,,Will Chicago have a day below 0F in March 2026?,0.1149,0.8851,0.0,0.0,16335,0,active,,2026-03-22T00:00:00+00:00,,
2026-03-07T00:00:00+00:00,polymarket,poly-72258,,,Will Chicago have a day below 0F in March 2026?,0.0164,0.9836,0.0,0.0,31737,0,active,,2026-03-22T00:00:00+00:00,,
2026-03-12T00:00:00+00:00,polymarket,poly-72258,,,Will Chicago have a day below 0F in March 2026?,0.0427,0.9573,0.0,0.0,13715,0,active,,2026-03-22T00:00:00+00:00,,
2026-03-17T00:00:00+00:00,polymarket,poly-72258,,,Will Chicago have a day below 0F in March 2026?,0.01,0.99,0.0,0.0,31256,0,closed,no,2026-03-22T00:00:00+00:00,,
