market_id,event_id,series,city,date,strike,implied_prob,market_result,actual_high_f,actual_outcome,correct
KXHIGHLAX-20FEB26-T53,KXHIGHLAX-20FEB26,KXHIGHLAX,LAX,2026-02-20,53.0,0.98,yes,66.3,yes,True
KXHIGHNY-20FEB26-T57,KXHIGHNY-20FEB26,KXHIGHNY,NYC,2026-02-20,57.0,0.2401,no,54.5,no,True
KXHIGHLAX-20FEB26-T68,KXHIGHLAX-20FEB26,KXHIGHLAX,LAX,2026-02-20,68.0,0.357,no,66.3,no,True
KXHIGHLAX-20FEB26-T63,KXHIGHLAX-20FEB26,KXHIGHLAX,LAX,2026-02-20,63.0,0.7401,yes,66.3,yes,True
KXHIGHNY-20FEB26-T52,KXHIGHNY-20FEB26,KXHIGHNY,NYC,2026-02-20,52.0,0.7144,yes,54.5,yes,True
KXHIGHNY-20FEB26-T67,KXHIGHNY-20FEB26,KXHIGHNY,NYC,2026-02-20,67.0,0.02,no,54.5,no,True
KXHIGHMI-20FEB26-T92,KXHIGHMI-20FEB26,KXHIGHMI,MIA,2026-02-20,92.0,0.0373,no,80.0,no,True
KXHIGHCHI-20FEB26-T38,KXHIGHCHI-20FEB26,KXHIGHCHI,CHI,2026-02-20,38.0,0.9348,yes,44.0,yes,True
KXHIGHCHI-20FEB26-T63,KXHIGHCHI-20FEB26,KXHIGHCHI,CHI,2026-02-20,63.0,0.02,no,44.0,no,True
KXHIGHCHI-20FEB26-T58,KXHIGHCHI-20FEB26,KXHIGHCHI,CHI,2026-02-20,58.0,0.02,no,44.0,no,True
KXHIGHNY-20FEB26-T47,KXHIGHNY-20FEB26,KXHIGHNY,NYC,2026-02-20,47.0,0.9657,yes,54.5,yes,True
KXHIGHCHI-20FEB26-T43,KXHIGHCHI-20FEB26,KXHIGHCHI,CHI,2026-02-20,43.0,0.6193,yes,44.0,yes,True
KXHIGHLAX-20FEB26-T78,KXHIGHLAX-20FEB26,KXHIGHLAX,LAX,2026-02-20,78.0,0.02,no,66.3,no,True
KXHIGHMI-20FEB26-T72,KXHIGHMI-20FEB26,KXHIGHMI,MIA,2026-02-20,72.0,0.9305,yes,80.0,yes,True
KXHIGHMI-20FEB26-T87,KXHIGHMI-20FEB26,KXHIGHMI,MIA,2026-02-20,87.0,0.0746,no,80.0,no,True
KXHIGHCHI-20FEB26-T48,KXHIGHCHI-20FEB26,KXHIGHCHI,CHI,2026-02-20,48.0,0.1687,no,44.0,no,True
KXHIGHMI-20FEB26-T82,KXHIGHMI-20FEB26,KXHIGHMI,MIA,2026-02-20,82.0,0.3098,no,80.0,no,True
KXHIGHLAX-20FEB26-T73,KXHIGHLAX-20FEB26,KXHIGHLAX,LAX,2026-02-20,73.0,0.0569,no,66.3,no,True
KXHIGHMI-20FEB26-T97,KXHIGHMI-20FEB26,KXHIGHMI,MIA,2026-02-20,97.0,0.02,no,80.0,no,True
KXHIGHCHI-20FEB26-T33,KXHIGHCHI-20FEB26,KXHIGHCHI,CHI,2026-02-20,33.0,0.9774,yes,44.0,yes,True
KXHIGHNY-20FEB26-T62,KXHIGHNY-20FEB26,KXHIGHNY,NYC,2026-02-20,62.0,0.0343,no,54.5,no,True
KXHIGHCHI-20FEB26-T53,KXHIGHCHI-20FEB26,KXHIGHCHI,CHI,2026-02-20,53.0,0.0758,no,44.0,no,True
KXHIGHLAX-20FEB26-T83,KXHIGHLAX-20FEB26,KXHIGHLAX,LAX,2026-02-20,83.0,0.0426,no,66.3,no,True
KXHIGHMI-20FEB26-T67,KXHIGHMI-20FEB26,KXHIGHMI,MIA,2026-02-20,67.0,0.9593,yes,80.0,yes,True
KXHIGHNY-20FEB26-T42,KXHIGHNY-20FEB26,KXHIGHNY,NYC,2026-02-20,42.0,0.98,yes,54.5,yes,True
KXHIGHMI-20FEB26-T77,KXHIGHMI-20FEB26,KXHIGHMI,MIA,2026-02-20,77.0,0.8352,yes,80.0,yes,True
KXHIGHNY-20FEB26-T37,KXHIGHNY-20FEB26,KXHIGHNY,NYC,2026-02-20,37.0,0.9703,yes,54.5,yes,True
KXHIGHLAX-20FEB26-T58,KXHIGHLAX-20FEB26,KXHIGHLAX,LAX,2026-02-20,58.0,0.9704,yes,66.3,yes,True
KXHIGHNY-21FEB26-T47,KXHIGHNY-21FEB26,KXHIGHNY,NYC,2026-02-21,47.0,0.9748,yes,59.6,yes,True
KXHIGHCHI-21FEB26-T48,KXHIGHCHI-21FEB26,KXHIGHCHI,CHI,2026-02-21,48.0,0.882,yes,55.0,yes,True
KXHIGHMI-21FEB26-T87,KXHIGHMI-21FEB26,KXHIGHMI,MIA,2026-02-21,87.0,0.166,no,82.5,no,True
KXHIGHMI-21FEB26-T77,KXHIGHMI-21FEB26,KXHIGHMI,MIA,2026-02-21,77.0,0.9478,yes,82.5,yes,True
KXHIGHLAX-21FEB26-T83,KXHIGHLAX-21FEB26,KXHIGHLAX,LAX,2026-02-21,83.0,0.02,no,61.7,no,True
KXHIGHNY-21FEB26-T52,KXHIGHNY-21FEB26,KXHIGHNY,NYC,2026-02-21,52.0,0.9032,yes,59.6,yes,True
KXHIGHNY-21FEB26-T67,KXHIGHNY-21FEB26,KXHIGHNY,NYC,2026-02-21,67.0,0.0554,no,59.6,no,True
KXHIGHMI-21FEB26-T82,KXHIGHMI-21FEB26,KXHIGHMI,MIA,2026-02-21,82.0,0.5552,yes,82.5,yes,True
KXHIGHCHI-21FEB26-T58,KXHIGHCHI-21FEB26,KXHIGHCHI,CHI,2026-02-21,58.0,0.2375,no,55.0,no,True
KXHIGHLAX-21FEB26-T53,KXHIGHLAX-21FEB26,KXHIGHLAX,LAX,2026-02-21,53.0,0.9724,yes,61.7,yes,True
KXHIGHNY-21FEB26-T42,KXHIGHNY-21FEB26,KXHIGHNY,NYC,2026-02-21,42.0,0.9522,yes,59.6,yes,True
KXHIGHLAX-21FEB26-T63,KXHIGHLAX-21FEB26,KXHIGHLAX,LAX,2026-02-21,63.0,0.3171,no,61.7,no,True
KXHIGHNY-21FEB26-T62,KXHIGHNY-21FEB26,KXHIGHNY,NYC,2026-02-21,62.0,0.3246,no,59.6,no,True
KXHIGHLAX-21FEB26-T73,KXHIGHLAX-21FEB26,KXHIGHLAX,LAX,2026-02-21,73.0,0.0319,no,61.7,no,True
KXHIGHCHI-21FEB26-T63,KXHIGHCHI-21FEB26,KXHIGHCHI,CHI,2026-02-21,63.0,0.0312,no,55.0,no,True
KXHIGHMI-21FEB26-T97,KXHIGHMI-21FEB26,KXHIGHMI,MIA,2026-02-21,97.0,0.0386,no,82.5,no,True
KXHIGHLAX-21FEB26-T58,KXHIGHLAX-21FEB26,KXHIGHLAX,LAX,2026-02-21,58.0,0.8009,yes,61.7,yes,True
KXHIGHMI-21FEB26-T67,KXHIGHMI-21FEB26,KXHIGHMI,MIA,2026-02-21,67.0,0.98,yes,82.5,yes,True
KXHIGHNY-21FEB26-T37,KXHIGHNY-21FEB26,KXHIGHNY,NYC,2026-02-21,37.0,0.98,yes,59.6,yes,True
KXHIGHCHI-21FEB26-T33,KXHIGHCHI-21FEB26,KXHIGHCHI,CHI,2026-02-21,33.0,0.98,yes,55.0,yes,True
KXHIGHCHI-21FEB26-T43,KXHIGHCHI-21FEB26,KXHIGHCHI,CHI,2026-02-21,43.0,0.98,yes,55.0,yes,True
KXHIGHMI-21FEB26-T72,KXHIGHMI-21FEB26,KXHIGHMI,MIA,2026-02-21,72.0,0.9786,yes,82.5,yes,True
KXHIGHLAX-21FEB26-T68,KXHIGHLAX-21FEB26,KXHIGHLAX,LAX,2026-02-21,68.0,0.1166,no,61.7,no,True
KXHIGHNY-21FEB26-T57,KXHIGHNY-21FEB26,KXHIGHNY,NYC,2026-02-21,57.0,0.7979,yes,59.6,yes,True
KXHIGHCHI-21FEB26-T53,KXHIGHCHI-21FEB26,KXHIGHCHI,CHI,2026-02-21,53.0,0.721,yes,55.0,yes,True
KXHIGHCHI-21FEB26-T38,KXHIGHCHI-21FEB26,KXHIGHCHI,CHI,2026-02-21,38.0,0.98,yes,55.0,yes,True
KXHIGHMI-21FEB26-T92,KXHIGHMI-21FEB26,KXHIGHMI,MIA,2026-02-21,92.0,0.0649,no,82.5,no,True
KXHIGHLAX-21FEB26-T78,KXHIGHLAX-21FEB26,KXHIGHLAX,LAX,2026-02-21,78.0,0.0802,no,61.7,no,True
KXHIGHMI-22FEB26-T92,KXHIGHMI-22FEB26,KXHIGHMI,MIA,2026-02-22,92.0,0.0663,no,84.5,no,True
KXHIGHNY-22FEB26-T42,KXHIGHNY-22FEB26,KXHIGHNY,NYC,2026-02-22,42.0,0.954,yes,49.7,yes,True
KXHIGHLAX-22FEB26-T63,KXHIGHLAX-22FEB26,KXHIGHLAX,LAX,2026-02-22,63.0,0.9778,yes,73.2,yes,True
KXHIGHLAX-22FEB26-T58,KXHIGHLAX-22FEB26,KXHIGHLAX,LAX,2026-02-22,58.0,0.98,yes,73.2,yes,True
KXHIGHCHI-22FEB26-T33,KXHIGHCHI-22FEB26,KXHIGHCHI,CHI,2026-02-22,33.0,0.9637,yes,40.2,yes,True
KXHIGHCHI-22FEB26-T58,KXHIGHCHI-22FEB26,KXHIGHCHI,CHI,2026-02-22,58.0,0.02,no,40.2,no,True
KXHIGHLAX-22FEB26-T73,KXHIGHLAX-22FEB26,KXHIGHLAX,LAX,2026-02-22,73.0,0.5432,yes,73.2,yes,True
KXHIGHMI-22FEB26-T97,KXHIGHMI-22FEB26,KXHIGHMI,MIA,2026-02-22,97.0,0.02,no,84.5,no,True
KXHIGHNY-22FEB26-T57,KXHIGHNY-22FEB26,KXHIGHNY,NYC,2026-02-22,57.0,0.0807,no,49.7,no,True
KXHIGHCHI-22FEB26-T43,KXHIGHCHI-22FEB26,KXHIGHCHI,CHI,2026-02-22,43.0,0.1997,no,40.2,no,True
KXHIGHNY-22FEB26-T62,KXHIGHNY-22FEB26,KXHIGHNY,NYC,2026-02-22,62.0,0.02,no,49.7,no,True
KXHIGHMI-22FEB26-T87,KXHIGHMI-22FEB26,KXHIGHMI,MIA,2026-02-22,87.0,0.2321,no,84.5,no,True
KXHIGHMI-22FEB26-T72,KXHIGHMI-22FEB26,KXHIGHMI,MIA,2026-02-22,72.0,0.98,yes,84.5,yes,True
KXHIGHLAX-22FEB26-T53,KXHIGHLAX-22FEB26,KXHIGHLAX,LAX,2026-02-22,53.0,0.98,yes,73.2,yes,True
KXHIGHLAX-22FEB26-T83,KXHIGHLAX-22FEB26,KXHIGHLAX,LAX,2026-02-22,83.0,0.0252,no,73.2,no,True
KXHIGHLAX-22FEB26-T68,KXHIGHLAX-22FEB26,KXHIGHLAX,LAX,2026-02-22,68.0,0.8706,yes,73.2,yes,True
KXHIGHCHI-22FEB26-T48,KXHIGHCHI-22FEB26,KXHIGHCHI,CHI,2026-02-22,48.0,0.0324,no,40.2,no,True
KXHIGHCHI-22FEB26-T63,KXHIGHCHI-22FEB26,KXHIGHCHI,CHI,2026-02-22,63.0,0.06,no,40.2,no,True
KXHIGHNY-22FEB26-T37,KXHIGHNY-22FEB26,KXHIGHNY,NYC,2026-02-22,37.0,0.98,yes,49.7,yes,True
KXHIGHNY-22FEB26-T52,KXHIGHNY-22FEB26,KXHIGHNY,NYC,2026-02-22,52.0,0.3589,no,49.7,no,True
KXHIGHNY-22FEB26-T47,KXHIGHNY-22FEB26,KXHIGHNY,NYC,2026-02-22,47.0,0.6979,yes,49.7,yes,True
KXHIGHLAX-22FEB26-T78,KXHIGHLAX-22FEB26,KXHIGHLAX,LAX,2026-02-22,78.0,0.1686,no,73.2,no,True
KXHIGHMI-22FEB26-T77,KXHIGHMI-22FEB26,KXHIGHMI,MIA,2026-02-22,77.0,0.8984,yes,84.5,yes,True
KXHIGHMI-22FEB26-T67,KXHIGHMI-22FEB26,KXHIGHMI,MIA,2026-02-22,67.0,0.98,yes,84.5,yes,True
KXHIGHNY-22FEB26-T67,KXHIGHNY-22FEB26,KXHIGHNY,NYC,2026-02-22,67.0,0.02,no,49.7,no,True
KXHIGHCHI-22FEB26-T38,KXHIGHCHI-22FEB26,KXHIGHCHI,CHI,2026-02-22,38.0,0.6679,yes,40.2,yes,True
KXHIGHMI-22FEB26-T82,KXHIGHMI-22FEB26,KXHIGHMI,MIA,2026-02-22,82.0,0.7884,yes,84.5,yes,True
KXHIGHCHI-22FEB26-T53,KXHIGHCHI-22FEB26,KXHIGHCHI,CHI,2026-02-22,53.0,0.0227,no,40.2,no,True
KXHIGHMI-23FEB26-T77,KXHIGHMI-23FEB26,KXHIGHMI,MIA,2026-02-23,77.0,0.9752,yes,86.4,yes,True
KXHIGHNY-23FEB26-T57,KXHIGHNY-23FEB26,KXHIGHNY,NYC,2026-02-23,57.0,0.0241,no,47.4,no,True
KXHIGHNY-23FEB26-T62,KXHIGHNY-23FEB26,KXHIGHNY,NYC,2026-02-23,62.0,0.02,no,47.4,no,True
KXHIGHMI-23FEB26-T92,KXHIGHMI-23FEB26,KXHIGHMI,MIA,2026-02-23,92.0,0.1285,no,86.4,no,True
KXHIGHMI-23FEB26-T97,KXHIGHMI-23FEB26,KXHIGHMI,MIA,2026-02-23,97.0,0.0212,no,86.4,no,True
KXHIGHCHI-23FEB26-T38,KXHIGHCHI-23FEB26,KXHIGHCHI,CHI,2026-02-23,38.0,0.98,yes,50.4,yes,True
KXHIGHMI-23FEB26-T67,KXHIGHMI-23FEB26,KXHIGHMI,MIA,2026-02-23,67.0,0.98,yes,86.4,yes,True
KXHIGHNY-23FEB26-T37,KXHIGHNY-23FEB26,KXHIGHNY,NYC,2026-02-23,37.0,0.9516,yes,47.4,yes,True
KXHIGHCHI-23FEB26-T48,KXHIGHCHI-23FEB26,KXHIGHCHI,CHI,2026-02-23,48.0,0.7084,yes,50.4,yes,True
KXHIGHCHI-23FEB26-T63,KXHIGHCHI-23FEB26,KXHIGHCHI,CHI,2026-02-23,63.0,0.02,no,50.4,no,True
KXHIGHNY-23FEB26-T52,KXHIGHNY-23FEB26,KXHIGHNY,NYC,2026-02-23,52.0,0.2328,no,47.4,no,True
KXHIGHCHI-23FEB26-T33,KXHIGHCHI-23FEB26,KXHIGHCHI,CHI,2026-02-23,33.0,0.9243,yes,50.4,yes,True
KXHIGHLAX-23FEB26-T58,KXHIGHLAX-23FEB26,KXHIGHLAX,LAX,2026-02-23,58.0,0.98,yes,70.2,yes,True
KXHIGHNY-23FEB26-T42,KXHIGHNY-23FEB26,KXHIGHNY,NYC,2026-02-23,42.0,0.8247,yes,47.4,yes,True
KXHIGHLAX-23FEB26-T68,KXHIGHLAX-23FEB26,KXHIGHLAX,LAX,2026-02-23,68.0,0.6544,yes,70.2,yes,True
KXHIGHMI-23FEB26-T82,KXHIGHMI-23FEB26,KXHIGHMI,MIA,2026-02-23,82.0,0.8552,yes,86.4,yes,True
KXHIGHMI-23FEB26-T87,KXHIGHMI-23FEB26,KXHIGHMI,MIA,2026-02-23,87.0,0.5015,no,86.4,no,True
KXHIGHCHI-23FEB26-T53,KXHIGHCHI-23FEB26,KXHIGHCHI,CHI,2026-02-23,53.0,0.2501,no,50.4,no,True
KXHIGHCHI-23FEB26-T43,KXHIGHCHI-23FEB26,KXHIGHCHI,CHI,2026-02-23,43.0,0.9531,yes,50.4,yes,True
KXHIGHNY-23FEB26-T67,KXHIGHNY-23FEB26,KXHIGHNY,NYC,2026-02-23,67.0,0.02,no,47.4,no,True
KXHIGHLAX-23FEB26-T73,KXHIGHLAX-23FEB26,KXHIGHLAX,LAX,2026-02-23,73.0,0.2645,no,70.2,no,True
KXHIGHLAX-23FEB26-T63,KXHIGHLAX-23FEB26,KXHIGHLAX,LAX,2026-02-23,63.0,0.9637,yes,70.2,yes,True
KXHIGHCHI-23FEB26-T58,KXHIGHCHI-23FEB26,KXHIGHCHI,CHI,2026-02-23,58.0,0.0681,no,50.4,no,True
KXHIGHMI-23FEB26-T72,KXHIGHMI-23FEB26,KXHIGHMI,MIA,2026-02-23,72.0,0.98,yes,86.4,yes,True
KXHIGHLAX-23FEB26-T53,KXHIGHLAX-23FEB26,KXHIGHLAX,LAX,2026-02-23,53.0,0.98,yes,70.2,yes,True
KXHIGHNY-23FEB26-T47,KXHIGHNY-23FEB26,KXHIGHNY,NYC,2026-02-23,47.0,0.5878,yes,47.4,yes,True
KXHIGHLAX-23FEB26-T83,KXHIGHLAX-23FEB26,KXHIGHLAX,LAX,2026-02-23,83.0,0.0474,no,70.2,no,True
KXHIGHLAX-23FEB26-T78,KXHIGHLAX-23FEB26,KXHIGHLAX,LAX,2026-02-23,78.0,0.0324,no,70.2,no,True
KXHIGHLAX-24FEB26-T63,KXHIGHLAX-24FEB26,KXHIGHLAX,LAX,2026-02-24,63.0,0.8681,yes,67.7,yes,True
KXHIGHLAX-24FEB26-T58,KXHIGHLAX-24FEB26,KXHIGHLAX,LAX,2026-02-24,58.0,0.9581,yes,67.7,yes,True
KXHIGHLAX-24FEB26-T68,KXHIGHLAX-24FEB26,KXHIGHLAX,LAX,2026-02-24,68.0,0.5255,no,67.7,no,True
KXHIGHCHI-24FEB26-T33,KXHIGHCHI-24FEB26,KXHIGHCHI,CHI,2026-02-24,33.0,0.98,yes,44.1,yes,True
KXHIGHLAX-24FEB26-T53,KXHIGHLAX-24FEB26,KXHIGHLAX,LAX,2026-02-24,53.0,0.9442,yes,67.7,yes,True
KXHIGHCHI-24FEB26-T48,KXHIGHCHI-24FEB26,KXHIGHCHI,CHI,2026-02-24,48.0,0.1742,no,44.1,no,True
KXHIGHCHI-24FEB26-T53,KXHIGHCHI-24FEB26,KXHIGHCHI,CHI,2026-02-24,53.0,0.0267,no,44.1,no,True
KXHIGHLAX-24FEB26-T78,KXHIGHLAX-24FEB26,KXHIGHLAX,LAX,2026-02-24,78.0,0.0219,no,67.7,no,True
KXHIGHNY-24FEB26-T52,KXHIGHNY-24FEB26,KXHIGHNY,NYC,2026-02-24,52.0,0.1595,no,47.5,no,True
KXHIGHMI-24FEB26-T97,KXHIGHMI-24FEB26,KXHIGHMI,MIA,2026-02-24,97.0,0.0451,no,78.0,no,True
KXHIGHNY-24FEB26-T42,KXHIGHNY-24FEB26,KXHIGHNY,NYC,2026-02-24,42.0,0.8618,yes,47.5,yes,True
KXHIGHCHI-24FEB26-T63,KXHIGHCHI-24FEB26,KXHIGHCHI,CHI,2026-02-24,63.0,0.02,no,44.1,no,True
KXHIGHNY-24FEB26-T57,KXHIGHNY-24FEB26,KXHIGHNY,NYC,2026-02-24,57.0,0.0244,no,47.5,no,True
KXHIGHMI-24FEB26-T92,KXHIGHMI-24FEB26,KXHIGHMI,MIA,2026-02-24,92.0,0.02,no,78.0,no,True
KXHIGHMI-24FEB26-T87,KXHIGHMI-24FEB26,KXHIGHMI,MIA,2026-02-24,87.0,0.0565,no,78.0,no,True
KXHIGHNY-24FEB26-T62,KXHIGHNY-24FEB26,KXHIGHNY,NYC,2026-02-24,62.0,0.02,no,47.5,no,True
KXHIGHMI-24FEB26-T72,KXHIGHMI-24FEB26,KXHIGHMI,MIA,2026-02-24,72.0,0.9533,yes,78.0,yes,True
KXHIGHNY-24FEB26-T37,KXHIGHNY-24FEB26,KXHIGHNY,NYC,2026-02-24,37.0,0.9688,yes,47.5,yes,True
KXHIGHLAX-24FEB26-T83,KXHIGHLAX-24FEB26,KXHIGHLAX,LAX,2026-02-24,83.0,0.0697,no,67.7,no,True
KXHIGHNY-24FEB26-T47,KXHIGHNY-24FEB26,KXHIGHNY,NYC,2026-02-24,47.0,0.5214,yes,47.5,yes,True
KXHIGHCHI-24FEB26-T58,KXHIGHCHI-24FEB26,KXHIGHCHI,CHI,2026-02-24,58.0,0.02,no,44.1,no,True
KXHIGHMI-24FEB26-T82,KXHIGHMI-24FEB26,KXHIGHMI,MIA,2026-02-24,82.0,0.2089,no,78.0,no,True
KXHIGHNY-24FEB26-T67,KXHIGHNY-24FEB26,KXHIGHNY,NYC,2026-02-24,67.0,0.02,no,47.5,no,True
KXHIGHMI-24FEB26-T67,KXHIGHMI-24FEB26,KXHIGHMI,MIA,2026-02-24,67.0,0.9797,yes,78.0,yes,True
KXHIGHLAX-24FEB26-T73,KXHIGHLAX-24FEB26,KXHIGHLAX,LAX,2026-02-24,73.0,0.1185,no,67.7,no,True
KXHIGHCHI-24FEB26-T43,KXHIGHCHI-24FEB26,KXHIGHCHI,CHI,2026-02-24,43.0,0.6154,yes,44.1,yes,True
KXHIGHMI-24FEB26-T77,KXHIGHMI-24FEB26,KXHIGHMI,MIA,2026-02-24,77.0,0.5491,yes,78.0,yes,True
KXHIGHCHI-24FEB26-T38,KXHIGHCHI-24FEB26,KXHIGHCHI,CHI,2026-02-24,38.0,0.9131,yes,44.1,yes,True
KXHIGHCHI-25FEB26-T43,KXHIGHCHI-25FEB26,KXHIGHCHI,CHI,2026-02-25,43.0,0.3897,no,41.8,no,True
KXHIGHNY-25FEB26-T52,KXHIGHNY-25FEB26,KXHIGHNY,NYC,2026-02-25,52.0,0.4226,no,50.9,no,True
KXHIGHMI-25FEB26-T82,KXHIGHMI-25FEB26,KXHIGHMI,MIA,2026-02-25,82.0,0.1958,no,78.2,no,True
KXHIGHNY-25FEB26-T42,KXHIGHNY-25FEB26,KXHIGHNY,NYC,2026-02-25,42.0,0.9334,yes,50.9,yes,True
KXHIGHLAX-25FEB26-T83,KXHIGHLAX-25FEB26,KXHIGHLAX,LAX,2026-02-25,83.0,0.081,no,76.2,no,True
KXHIGHNY-25FEB26-T47,KXHIGHNY-25FEB26,KXHIGHNY,NYC,2026-02-25,47.0,0.7863,yes,50.9,yes,True
KXHIGHMI-25FEB26-T97,KXHIGHMI-25FEB26,KXHIGHMI,MIA,2026-02-25,97.0,0.0544,no,78.2,no,True
KXHIGHMI-25FEB26-T92,KXHIGHMI-25FEB26,KXHIGHMI,MIA,2026-02-25,92.0,0.02,no,78.2,no,True
KXHIGHCHI-25FEB26-T58,KXHIGHCHI-25FEB26,KXHIGHCHI,CHI,2026-02-25,58.0,0.02,no,41.8,no,True
KXHIGHLAX-25FEB26-T68,KXHIGHLAX-25FEB26,KXHIGHLAX,LAX,2026-02-25,68.0,0.9393,yes,76.2,yes,True
KXHIGHLAX-25FEB26-T78,KXHIGHLAX-25FEB26,KXHIGHLAX,LAX,2026-02-25,78.0,0.3633,no,76.2,no,True
KXHIGHMI-25FEB26-T72,KXHIGHMI-25FEB26,KXHIGHMI,MIA,2026-02-25,72.0,0.9168,yes,78.2,yes,True
KXHIGHNY-25FEB26-T62,KXHIGHNY-25FEB26,KXHIGHNY,NYC,2026-02-25,62.0,0.02,no,50.9,no,True
KXHIGHNY-25FEB26-T37,KXHIGHNY-25FEB26,KXHIGHNY,NYC,2026-02-25,37.0,0.98,yes,50.9,yes,True
KXHIGHCHI-25FEB26-T53,KXHIGHCHI-25FEB26,KXHIGHCHI,CHI,2026-02-25,53.0,0.02,no,41.8,no,True
KXHIGHCHI-25FEB26-T48,KXHIGHCHI-25FEB26,KXHIGHCHI,CHI,2026-02-25,48.0,0.0807,no,41.8,no,True
KXHIGHMI-25FEB26-T67,KXHIGHMI-25FEB26,KXHIGHMI,MIA,2026-02-25,67.0,0.98,yes,78.2,yes,True
KXHIGHNY-25FEB26-T57,KXHIGHNY-25FEB26,KXHIGHNY,NYC,2026-02-25,57.0,0.1128,no,50.9,no,True
KXHIGHNY-25FEB26-T67,KXHIGHNY-25FEB26,KXHIGHNY,NYC,2026-02-25,67.0,0.02,no,50.9,no,True
KXHIGHCHI-25FEB26-T63,KXHIGHCHI-25FEB26,KXHIGHCHI,CHI,2026-02-25,63.0,0.02,no,41.8,no,True
KXHIGHCHI-25FEB26-T33,KXHIGHCHI-25FEB26,KXHIGHCHI,CHI,2026-02-25,33.0,0.9134,yes,41.8,yes,True
KXHIGHMI-25FEB26-T77,KXHIGHMI-25FEB26,KXHIGHMI,MIA,2026-02-25,77.0,0.6102,yes,78.2,yes,True
KXHIGHLAX-25FEB26-T53,KXHIGHLAX-25FEB26,KXHIGHLAX,LAX,2026-02-25,53.0,0.9529,yes,76.2,yes,True
KXHIGHLAX-25FEB26-T73,KXHIGHLAX-25FEB26,KXHIGHLAX,LAX,2026-02-25,73.0,0.7251,yes,76.2,yes,True
KXHIGHMI-25FEB26-T87,KXHIGHMI-25FEB26,KXHIGHMI,MIA,2026-02-25,87.0,0.0272,no,78.2,no,True
KXHIGHLAX-25FEB26-T63,KXHIGHLAX-25FEB26,KXHIGHLAX,LAX,2026-02-25,63.0,0.98,yes,76.2,yes,True
KXHIGHCHI-25FEB26-T38,KXHIGHCHI-25FEB26,KXHIGHCHI,CHI,2026-02-25,38.0,0.8361,yes,41.8,yes,True
KXHIGHLAX-25FEB26-T58,KXHIGHLAX-25FEB26,KXHIGHLAX,LAX,2026-02-25,58.0,0.9199,yes,76.2,yes,True
KXHIGHNY-26FEB26-T47,KXHIGHNY-26FEB26,KXHIGHNY,NYC,2026-02-26,47.0,0.4393,no,46.2,no,True
KXHIGHLAX-26FEB26-T83,KXHIGHLAX-26FEB26,KXHIGHLAX,LAX,2026-02-26,83.0,0.02,no,68.7,no,True
KXHIGHMI-26FEB26-T72,KXHIGHMI-26FEB26,KXHIGHMI,MIA,2026-02-26,72.0,0.9565,yes,83.8,yes,True
KXHIGHCHI-26FEB26-T38,KXHIGHCHI-26FEB26,KXHIGHCHI,CHI,2026-02-26,38.0,0.98,yes,49.3,yes,True
KXHIGHMI-26FEB26-T92,KXHIGHMI-26FEB26,KXHIGHMI,MIA,2026-02-26,92.0,0.1086,no,83.8,no,True
KXHIGHMI-26FEB26-T77,KXHIGHMI-26FEB26,KXHIGHMI,MIA,2026-02-26,77.0,0.8388,yes,83.8,yes,True
KXHIGHCHI-26FEB26-T33,KXHIGHCHI-26FEB26,KXHIGHCHI,CHI,2026-02-26,33.0,0.978,yes,49.3,yes,True
KXHIGHMI-26FEB26-T67,KXHIGHMI-26FEB26,KXHIGHMI,MIA,2026-02-26,67.0,0.9756,yes,83.8,yes,True
KXHIGHCHI-26FEB26-T63,KXHIGHCHI-26FEB26,KXHIGHCHI,CHI,2026-02-26,63.0,0.02,no,49.3,no,True
KXHIGHCHI-26FEB26-T43,KXHIGHCHI-26FEB26,KXHIGHCHI,CHI,2026-02-26,43.0,0.8736,yes,49.3,yes,True
KXHIGHNY-26FEB26-T37,KXHIGHNY-26FEB26,KXHIGHNY,NYC,2026-02-26,37.0,0.9745,yes,46.2,yes,True
KXHIGHLAX-26FEB26-T63,KXHIGHLAX-26FEB26,KXHIGHLAX,LAX,2026-02-26,63.0,0.9309,yes,68.7,yes,True
KXHIGHNY-26FEB26-T62,KXHIGHNY-26FEB26,KXHIGHNY,NYC,2026-02-26,62.0,0.02,no,46.2,no,True
KXHIGHNY-26FEB26-T52,KXHIGHNY-26FEB26,KXHIGHNY,NYC,2026-02-26,52.0,0.0743,no,46.2,no,True
KXHIGHCHI-26FEB26-T58,KXHIGHCHI-26FEB26,KXHIGHCHI,CHI,2026-02-26,58.0,0.0747,no,49.3,no,True
KXHIGHLAX-26FEB26-T68,KXHIGHLAX-26FEB26,KXHIGHLAX,LAX,2026-02-26,68.0,0.6023,yes,68.7,yes,True
KXHIGHLAX-26FEB26-T73,KXHIGHLAX-26FEB26,KXHIGHLAX,LAX,2026-02-26,73.0,0.1635,no,68.7,no,True
KXHIGHMI-26FEB26-T87,KXHIGHMI-26FEB26,KXHIGHMI,MIA,2026-02-26,87.0,0.1764,no,83.8,no,True
KXHIGHMI-26FEB26-T97,KXHIGHMI-26FEB26,KXHIGHMI,MIA,2026-02-26,97.0,0.0382,no,83.8,no,True
KXHIGHCHI-26FEB26-T53,KXHIGHCHI-26FEB26,KXHIGHCHI,CHI,2026-02-26,53.0,0.1295,no,49.3,no,True
KXHIGHLAX-26FEB26-T78,KXHIGHLAX-26FEB26,KXHIGHLAX,LAX,2026-02-26,78.0,0.1007,no,68.7,no,True
KXHIGHNY-26FEB26-T42,KXHIGHNY-26FEB26,KXHIGHNY,NYC,2026-02-26,42.0,0.7569,yes,46.2,yes,True
KXHIGHNY-26FEB26-T57,KXHIGHNY-26FEB26,KXHIGHNY,NYC,2026-02-26,57.0,0.0323,no,46.2,no,True
KXHIGHLAX-26FEB26-T58,KXHIGHLAX-26FEB26,KXHIGHLAX,LAX,2026-02-26,58.0,0.9371,yes,68.7,yes,True
KXHIGHLAX-26FEB26-T53,KXHIGHLAX-26FEB26,KXHIGHLAX,LAX,2026-02-26,53.0,0.98,yes,68.7,yes,True
KXHIGHCHI-26FEB26-T48,KXHIGHCHI-26FEB26,KXHIGHCHI,CHI,2026-02-26,48.0,0.643,yes,49.3,yes,True
KXHIGHMI-26FEB26-T82,KXHIGHMI-26FEB26,KXHIGHMI,MIA,2026-02-26,82.0,0.6397,yes,83.8,yes,True
KXHIGHNY-26FEB26-T67,KXHIGHNY-26FEB26,KXHIGHNY,NYC,2026-02-26,67.0,0.02,no,46.2,no,True
KXHIGHLAX-27FEB26-T58,KXHIGHLAX-27FEB26,KXHIGHLAX,LAX,2026-02-27,58.0,0.8413,yes,63.1,yes,True
KXHIGHCHI-27FEB26-T43,KXHIGHCHI-27FEB26,KXHIGHCHI,CHI,2026-02-27,43.0,0.6449,yes,43.7,yes,True
KXHIGHMI-27FEB26-T92,KXHIGHMI-27FEB26,KXHIGHMI,MIA,2026-02-27,92.0,0.0852,no,75.4,no,True
KXHIGHNY-27FEB26-T37,KXHIGHNY-27FEB26,KXHIGHNY,NYC,2026-02-27,37.0,0.9446,yes,56.7,yes,True
KXHIGHCHI-27FEB26-T58,KXHIGHCHI-27FEB26,KXHIGHCHI,CHI,2026-02-27,58.0,0.02,no,43.7,no,True
KXHIGHCHI-27FEB26-T48,KXHIGHCHI-27FEB26,KXHIGHCHI,CHI,2026-02-27,48.0,0.2103,no,43.7,no,True
KXHIGHCHI-27FEB26-T53,KXHIGHCHI-27FEB26,KXHIGHCHI,CHI,2026-02-27,53.0,0.0251,no,43.7,no,True
KXHIGHNY-27FEB26-T57,KXHIGHNY-27FEB26,KXHIGHNY,NYC,2026-02-27,57.0,0.4866,no,56.7,no,True
KXHIGHMI-27FEB26-T82,KXHIGHMI-27FEB26,KXHIGHMI,MIA,2026-02-27,82.0,0.0627,no,75.4,no,True
KXHIGHNY-27FEB26-T47,KXHIGHNY-27FEB26,KXHIGHNY,NYC,2026-02-27,47.0,0.9763,yes,56.7,yes,True
KXHIGHLAX-27FEB26-T73,KXHIGHLAX-27FEB26,KXHIGHLAX,LAX,2026-02-27,73.0,0.0231,no,63.1,no,True
KXHIGHNY-27FEB26-T42,KXHIGHNY-27FEB26,KXHIGHNY,NYC,2026-02-27,42.0,0.98,yes,56.7,yes,True
KXHIGHCHI-27FEB26-T33,KXHIGHCHI-27FEB26,KXHIGHCHI,CHI,2026-02-27,33.0,0.9791,yes,43.7,yes,True
KXHIGHLAX-27FEB26-T68,KXHIGHLAX-27FEB26,KXHIGHLAX,LAX,2026-02-27,68.0,0.1487,no,63.1,no,True
KXHIGHLAX-27FEB26-T53,KXHIGHLAX-27FEB26,KXHIGHLAX,LAX,2026-02-27,53.0,0.9216,yes,63.1,yes,True
KXHIGHMI-27FEB26-T67,KXHIGHMI-27FEB26,KXHIGHMI,MIA,2026-02-27,67.0,0.9349,yes,75.4,yes,True
KXHIGHMI-27FEB26-T97,KXHIGHMI-27FEB26,KXHIGHMI,MIA,2026-02-27,97.0,0.02,no,75.4,no,True
KXHIGHCHI-27FEB26-T63,KXHIGHCHI-27FEB26,KXHIGHCHI,CHI,2026-02-27,63.0,0.02,no,43.7,no,True
KXHIGHNY-27FEB26-T52,KXHIGHNY-27FEB26,KXHIGHNY,NYC,2026-02-27,52.0,0.8142,yes,56.7,yes,True
KXHIGHCHI-27FEB26-T38,KXHIGHCHI-27FEB26,KXHIGHCHI,CHI,2026-02-27,38.0,0.9355,yes,43.7,yes,True
KXHIGHNY-27FEB26-T62,KXHIGHNY-27FEB26,KXHIGHNY,NYC,2026-02-27,62.0,0.0546,no,56.7,no,True
KXHIGHMI-27FEB26-T87,KXHIGHMI-27FEB26,KXHIGHMI,MIA,2026-02-27,87.0,0.02,no,75.4,no,True
KXHIGHLAX-27FEB26-T78,KXHIGHLAX-27FEB26,KXHIGHLAX,LAX,2026-02-27,78.0,0.02,no,63.1,no,True
KXHIGHLAX-27FEB26-T83,KXHIGHLAX-27FEB26,KXHIGHLAX,LAX,2026-02-27,83.0,0.02,no,63.1,no,True
KXHIGHNY-27FEB26-T67,KXHIGHNY-27FEB26,KXHIGHNY,NYC,2026-02-27,67.0,0.0219,no,56.7,no,True
KXHIGHLAX-27FEB26-T63,KXHIGHLAX-27FEB26,KXHIGHLAX,LAX,2026-02-27,63.0,0.5208,yes,63.1,yes,True
KXHIGHMI-27FEB26-T77,KXHIGHMI-27FEB26,KXHIGHMI,MIA,2026-02-27,77.0,0.3908,no,75.4,no,True
KXHIGHMI-27FEB26-T72,KXHIGHMI-27FEB26,KXHIGHMI,MIA,2026-02-27,72.0,0.8753,yes,75.4,yes,True
KXHIGHNY-28FEB26-T52,KXHIGHNY-28FEB26,KXHIGHNY,NYC,2026-02-28,52.0,0.7855,yes,56.1,yes,True
KXHIGHLAX-28FEB26-T68,KXHIGHLAX-28FEB26,KXHIGHLAX,LAX,2026-02-28,68.0,0.2596,no,65.0,no,True
KXHIGHNY-28FEB26-T42,KXHIGHNY-28FEB26,KXHIGHNY,NYC,2026-02-28,42.0,0.9795,yes,56.1,yes,True
KXHIGHCHI-28FEB26-T48,KXHIGHCHI-28FEB26,KXHIGHCHI,CHI,2026-02-28,48.0,0.6502,yes,49.5,yes,True
KXHIGHLAX-28FEB26-T63,KXHIGHLAX-28FEB26,KXHIGHLAX,LAX,2026-02-28,63.0,0.7291,yes,65.0,yes,True
KXHIGHCHI-28FEB26-T43,KXHIGHCHI-28FEB26,KXHIGHCHI,CHI,2026-02-28,43.0,0.8903,yes,49.5,yes,True
KXHIGHMI-28FEB26-T77,KXHIGHMI-28FEB26,KXHIGHMI,MIA,2026-02-28,77.0,0.8366,yes,79.7,yes,True
KXHIGHCHI-28FEB26-T33,KXHIGHCHI-28FEB26,KXHIGHCHI,CHI,2026-02-28,33.0,0.98,yes,49.5,yes,True
KXHIGHLAX-28FEB26-T78,KXHIGHLAX-28FEB26,KXHIGHLAX,LAX,2026-02-28,78.0,0.0204,no,65.0,no,True
KXHIGHNY-28FEB26-T57,KXHIGHNY-28FEB26,KXHIGHNY,NYC,2026-02-28,57.0,0.3917,no,56.1,no,True
KXHIGHNY-28FEB26-T62,KXHIGHNY-28FEB26,KXHIGHNY,NYC,2026-02-28,62.0,0.1408,no,56.1,no,True
KXHIGHMI-28FEB26-T67,KXHIGHMI-28FEB26,KXHIGHMI,MIA,2026-02-28,67.0,0.9333,yes,79.7,yes,True
KXHIGHLAX-28FEB26-T83,KXHIGHLAX-28FEB26,KXHIGHLAX,LAX,2026-02-28,83.0,0.02,no,65.0,no,True
KXHIGHLAX-28FEB26-T53,KXHIGHLAX-28FEB26,KXHIGHLAX,LAX,2026-02-28,53.0,0.98,yes,65.0,yes,True
KXHIGHMI-28FEB26-T82,KXHIGHMI-28FEB26,KXHIGHMI,MIA,2026-02-28,82.0,0.3531,no,79.7,no,True
KXHIGHMI-28FEB26-T72,KXHIGHMI-28FEB26,KXHIGHMI,MIA,2026-02-28,72.0,0.967,yes,79.7,yes,True
KXHIGHCHI-28FEB26-T58,KXHIGHCHI-28FEB26,KXHIGHCHI,CHI,2026-02-28,58.0,0.0286,no,49.5,no,True
KXHIGHCHI-28FEB26-T63,KXHIGHCHI-28FEB26,KXHIGHCHI,CHI,2026-02-28,63.0,0.02,no,49.5,no,True
KXHIGHNY-28FEB26-T37,KXHIGHNY-28FEB26,KXHIGHNY,NYC,2026-02-28,37.0,0.9619,yes,56.1,yes,True
KXHIGHNY-28FEB26-T47,KXHIGHNY-28FEB26,KXHIGHNY,NYC,2026-02-28,47.0,0.9741,yes,56.1,yes,True
KXHIGHMI-28FEB26-T87,KXHIGHMI-28FEB26,KXHIGHMI,MIA,2026-02-28,87.0,0.0818,no,79.7,no,True
KXHIGHMI-28FEB26-T97,KXHIGHMI-28FEB26,KXHIGHMI,MIA,2026-02-28,97.0,0.0242,no,79.7,no,True
KXHIGHLAX-28FEB26-T73,KXHIGHLAX-28FEB26,KXHIGHLAX,LAX,2026-02-28,73.0,0.0625,no,65.0,no,True
KXHIGHCHI-28FEB26-T53,KXHIGHCHI-28FEB26,KXHIGHCHI,CHI,2026-02-28,53.0,0.1813,no,49.5,no,True
KXHIGHMI-28FEB26-T92,KXHIGHMI-28FEB26,KXHIGHMI,MIA,2026-02-28,92.0,0.0243,no,79.7,no,True
KXHIGHNY-28FEB26-T67,KXHIGHNY-28FEB26,KXHIGHNY,NYC,2026-02-28,67.0,0.0205,no,56.1,no,True
KXHIGHLAX-28FEB26-T58,KXHIGHLAX-28FEB26,KXHIGHLAX,LAX,2026-02-28,58.0,0.9311,yes,65.0,yes,True
KXHIGHCHI-28FEB26-T38,KXHIGHCHI-28FEB26,KXHIGHCHI,CHI,2026-02-28,38.0,0.98,yes,49.5,yes,True
KXHIGHMI-01MAR26-T82,KXHIGHMI-01MAR26,KXHIGHMI,MIA,2026-03-01,82.0,0.4311,no,81.4,no,True
KXHIGHLAX-01MAR26-T68,KXHIGHLAX-01MAR26,KXHIGHLAX,LAX,2026-03-01,68.0,0.2683,no,64.9,no,True
KXHIGHLAX-01MAR26-T63,KXHIGHLAX-01MAR26,KXHIGHLAX,LAX,2026-03-01,63.0,0.6826,yes,64.9,yes,True
KXHIGHMI-01MAR26-T97,KXHIGHMI-01MAR26,KXHIGHMI,MIA,2026-03-01,97.0,0.02,no,81.4,no,True
KXHIGHMI-01MAR26-T72,KXHIGHMI-01MAR26,KXHIGHMI,MIA,2026-03-01,72.0,0.9752,yes,81.4,yes,True
KXHIGHCHI-01MAR26-T58,KXHIGHCHI-01MAR26,KXHIGHCHI,CHI,2026-03-01,58.0,0.1001,no,41.9,no,True
KXHIGHNY-01MAR26-T67,KXHIGHNY-01MAR26,KXHIGHNY,NYC,2026-03-01,67.0,0.0513,no,58.0,no,True
KXHIGHMI-01MAR26-T87,KXHIGHMI-01MAR26,KXHIGHMI,MIA,2026-03-01,87.0,0.0778,no,81.4,no,True
KXHIGHMI-01MAR26-T77,KXHIGHMI-01MAR26,KXHIGHMI,MIA,2026-03-01,77.0,0.8418,yes,81.4,yes,True
KXHIGHCHI-01MAR26-T33,KXHIGHCHI-01MAR26,KXHIGHCHI,CHI,2026-03-01,33.0,0.9327,yes,41.9,yes,True
KXHIGHNY-01MAR26-T37,KXHIGHNY-01MAR26,KXHIGHNY,NYC,2026-03-01,37.0,0.98,yes,58.0,yes,True
KXHIGHCHI-01MAR26-T43,KXHIGHCHI-01MAR26,KXHIGHCHI,CHI,2026-03-01,43.0,0.3499,no,41.9,no,True
KXHIGHNY-01MAR26-T62,KXHIGHNY-01MAR26,KXHIGHNY,NYC,2026-03-01,62.0,0.1503,no,58.0,no,True
KXHIGHCHI-01MAR26-T53,KXHIGHCHI-01MAR26,KXHIGHCHI,CHI,2026-03-01,53.0,0.02,no,41.9,no,True
KXHIGHNY-01MAR26-T52,KXHIGHNY-01MAR26,KXHIGHNY,NYC,2026-03-01,52.0,0.9533,yes,58.0,yes,True
KXHIGHCHI-01MAR26-T48,KXHIGHCHI-01MAR26,KXHIGHCHI,CHI,2026-03-01,48.0,0.136,no,41.9,no,True
KXHIGHNY-01MAR26-T57,KXHIGHNY-01MAR26,KXHIGHNY,NYC,2026-03-01,57.0,0.4968,yes,58.0,yes,True
KXHIGHLAX-01MAR26-T83,KXHIGHLAX-01MAR26,KXHIGHLAX,LAX,2026-03-01,83.0,0.02,no,64.9,no,True
KXHIGHLAX-01MAR26-T53,KXHIGHLAX-01MAR26,KXHIGHLAX,LAX,2026-03-01,53.0,0.98,yes,64.9,yes,True
KXHIGHMI-01MAR26-T67,KXHIGHMI-01MAR26,KXHIGHMI,MIA,2026-03-01,67.0,0.98,yes,81.4,yes,True
KXHIGHMI-01MAR26-T92,KXHIGHMI-01MAR26,KXHIGHMI,MIA,2026-03-01,92.0,0.0212,no,81.4,no,True
KXHIGHNY-01MAR26-T42,KXHIGHNY-01MAR26,KXHIGHNY,NYC,2026-03-01,42.0,0.9629,yes,58.0,yes,True
KXHIGHLAX-01MAR26-T78,KXHIGHLAX-01MAR26,KXHIGHLAX,LAX,2026-03-01,78.0,0.0566,no,64.9,no,True
KXHIGHLAX-01MAR26-T58,KXHIGHLAX-01MAR26,KXHIGHLAX,LAX,2026-03-01,58.0,0.9614,yes,64.9,yes,True
KXHIGHLAX-01MAR26-T73,KXHIGHLAX-01MAR26,KXHIGHLAX,LAX,2026-03-01,73.0,0.0377,no,64.9,no,True
KXHIGHCHI-01MAR26-T63,KXHIGHCHI-01MAR26,KXHIGHCHI,CHI,2026-03-01,63.0,0.02,no,41.9,no,True
KXHIGHCHI-01MAR26-T38,KXHIGHCHI-01MAR26,KXHIGHCHI,CHI,2026-03-01,38.0,0.7538,yes,41.9,yes,True
KXHIGHNY-01MAR26-T47,KXHIGHNY-01MAR26,KXHIGHNY,NYC,2026-03-01,47.0,0.9797,yes,58.0,yes,True
KXHIGHCHI-02MAR26-T38,KXHIGHCHI-02MAR26,KXHIGHCHI,CHI,2026-03-02,38.0,0.8755,yes,44.2,yes,True
KXHIGHCHI-02MAR26-T48,KXHIGHCHI-02MAR26,KXHIGHCHI,CHI,2026-03-02,48.0,0.171,no,44.2,no,True
KXHIGHLAX-02MAR26-T63,KXHIGHLAX-02MAR26,KXHIGHLAX,LAX,2026-03-02,63.0,0.8227,yes,68.4,yes,True
KXHIGHNY-02MAR26-T37,KXHIGHNY-02MAR26,KXHIGHNY,NYC,2026-03-02,37.0,0.9762,yes,47.0,yes,True
KXHIGHCHI-02MAR26-T58,KXHIGHCHI-02MAR26,KXHIGHCHI,CHI,2026-03-02,58.0,0.1014,no,44.2,no,True
KXHIGHLAX-02MAR26-T83,KXHIGHLAX-02MAR26,KXHIGHLAX,LAX,2026-03-02,83.0,0.02,no,68.4,no,True
KXHIGHNY-02MAR26-T42,KXHIGHNY-02MAR26,KXHIGHNY,NYC,2026-03-02,42.0,0.8815,yes,47.0,yes,True
KXHIGHLAX-02MAR26-T58,KXHIGHLAX-02MAR26,KXHIGHLAX,LAX,2026-03-02,58.0,0.9783,yes,68.4,yes,True
KXHIGHMI-02MAR26-T87,KXHIGHMI-02MAR26,KXHIGHMI,MIA,2026-03-02,87.0,0.1798,no,81.7,no,True
KXHIGHNY-02MAR26-T57,KXHIGHNY-02MAR26,KXHIGHNY,NYC,2026-03-02,57.0,0.0228,no,47.0,no,True
KXHIGHCHI-02MAR26-T53,KXHIGHCHI-02MAR26,KXHIGHCHI,CHI,2026-03-02,53.0,0.0351,no,44.2,no,True
KXHIGHMI-02MAR26-T77,KXHIGHMI-02MAR26,KXHIGHMI,MIA,2026-03-02,77.0,0.8059,yes,81.7,yes,True
KXHIGHNY-02MAR26-T62,KXHIGHNY-02MAR26,KXHIGHNY,NYC,2026-03-02,62.0,0.0403,no,47.0,no,True
KXHIGHCHI-02MAR26-T63,KXHIGHCHI-02MAR26,KXHIGHCHI,CHI,2026-03-02,63.0,0.02,no,44.2,no,True
KXHIGHLAX-02MAR26-T78,KXHIGHLAX-02MAR26,KXHIGHLAX,LAX,2026-03-02,78.0,0.0549,no,68.4,no,True
KXHIGHNY-02MAR26-T52,KXHIGHNY-02MAR26,KXHIGHNY,NYC,2026-03-02,52.0,0.1377,no,47.0,no,True
KXHIGHLAX-02MAR26-T73,KXHIGHLAX-02MAR26,KXHIGHLAX,LAX,2026-03-02,73.0,0.124,no,68.4,no,True
KXHIGHNY-02MAR26-T47,KXHIGHNY-02MAR26,KXHIGHNY,NYC,2026-03-02,47.0,0.4606,yes,47.0,yes,True
KXHIGHMI-02MAR26-T82,KXHIGHMI-02MAR26,KXHIGHMI,MIA,2026-03-02,82.0,0.4673,no,81.7,no,True
KXHIGHLAX-02MAR26-T53,KXHIGHLAX-02MAR26,KXHIGHLAX,LAX,2026-03-02,53.0,0.98,yes,68.4,yes,True
KXHIGHMI-02MAR26-T72,KXHIGHMI-02MAR26,KXHIGHMI,MIA,2026-03-02,72.0,0.94,yes,81.7,yes,True
KXHIGHMI-02MAR26-T97,KXHIGHMI-02MAR26,KXHIGHMI,MIA,2026-03-02,97.0,0.02,no,81.7,no,True
KXHIGHMI-02MAR26-T92,KXHIGHMI-02MAR26,KXHIGHMI,MIA,2026-03-02,92.0,0.051,no,81.7,no,True
KXHIGHMI-02MAR26-T67,KXHIGHMI-02MAR26,KXHIGHMI,MIA,2026-03-02,67.0,0.98,yes,81.7,yes,True
KXHIGHCHI-02MAR26-T43,KXHIGHCHI-02MAR26,KXHIGHCHI,CHI,2026-03-02,43.0,0.6469,yes,44.2,yes,True
KXHIGHCHI-02MAR26-T33,KXHIGHCHI-02MAR26,KXHIGHCHI,CHI,2026-03-02,33.0,0.98,yes,44.2,yes,True
KXHIGHLAX-02MAR26-T68,KXHIGHLAX-02MAR26,KXHIGHLAX,LAX,2026-03-02,68.0,0.5543,yes,68.4,yes,True
KXHIGHNY-02MAR26-T67,KXHIGHNY-02MAR26,KXHIGHNY,NYC,2026-03-02,67.0,0.02,no,47.0,no,True
KXHIGHMI-03MAR26-T72,KXHIGHMI-03MAR26,KXHIGHMI,MIA,2026-03-03,72.0,0.967,yes,79.7,yes,True
KXHIGHCHI-03MAR26-T38,KXHIGHCHI-03MAR26,KXHIGHCHI,CHI,2026-03-03,38.0,0.98,yes,54.3,yes,True
KXHIGHNY-03MAR26-T67,KXHIGHNY-03MAR26,KXHIGHNY,NYC,2026-03-03,67.0,0.02,no,49.3,no,True
KXHIGHMI-03MAR26-T97,KXHIGHMI-03MAR26,KXHIGHMI,MIA,2026-03-03,97.0,0.02,no,79.7,no,True
KXHIGHMI-03MAR26-T67,KXHIGHMI-03MAR26,KXHIGHMI,MIA,2026-03-03,67.0,0.9608,yes,79.7,yes,True
KXHIGHLAX-03MAR26-T83,KXHIGHLAX-03MAR26,KXHIGHLAX,LAX,2026-03-03,83.0,0.0429,no,72.4,no,True
KXHIGHMI-03MAR26-T87,KXHIGHMI-03MAR26,KXHIGHMI,MIA,2026-03-03,87.0,0.0812,no,79.7,no,True
KXHIGHNY-03MAR26-T57,KXHIGHNY-03MAR26,KXHIGHNY,NYC,2026-03-03,57.0,0.0658,no,49.3,no,True
KXHIGHMI-03MAR26-T77,KXHIGHMI-03MAR26,KXHIGHMI,MIA,2026-03-03,77.0,0.6928,yes,79.7,yes,True
KXHIGHMI-03MAR26-T82,KXHIGHMI-03MAR26,KXHIGHMI,MIA,2026-03-03,82.0,0.2855,no,79.7,no,True
KXHIGHCHI-03MAR26-T43,KXHIGHCHI-03MAR26,KXHIGHCHI,CHI,2026-03-03,43.0,0.98,yes,54.3,yes,True
KXHIGHLAX-03MAR26-T68,KXHIGHLAX-03MAR26,KXHIGHLAX,LAX,2026-03-03,68.0,0.7357,yes,72.4,yes,True
KXHIGHCHI-03MAR26-T53,KXHIGHCHI-03MAR26,KXHIGHCHI,CHI,2026-03-03,53.0,0.5995,yes,54.3,yes,True
KXHIGHCHI-03MAR26-T48,KXHIGHCHI-03MAR26,KXHIGHCHI,CHI,2026-03-03,48.0,0.9562,yes,54.3,yes,True
KXHIGHLAX-03MAR26-T58,KXHIGHLAX-03MAR26,KXHIGHLAX,LAX,2026-03-03,58.0,0.9282,yes,72.4,yes,True
KXHIGHLAX-03MAR26-T73,KXHIGHLAX-03MAR26,KXHIGHLAX,LAX,2026-03-03,73.0,0.3672,no,72.4,no,True
KXHIGHNY-03MAR26-T52,KXHIGHNY-03MAR26,KXHIGHNY,NYC,2026-03-03,52.0,0.2477,no,49.3,no,True
KXHIGHNY-03MAR26-T37,KXHIGHNY-03MAR26,KXHIGHNY,NYC,2026-03-03,37.0,0.98,yes,49.3,yes,True
KXHIGHCHI-03MAR26-T63,KXHIGHCHI-03MAR26,KXHIGHCHI,CHI,2026-03-03,63.0,0.0612,no,54.3,no,True
KXHIGHCHI-03MAR26-T58,KXHIGHCHI-03MAR26,KXHIGHCHI,CHI,2026-03-03,58.0,0.2771,no,54.3,no,True
KXHIGHLAX-03MAR26-T53,KXHIGHLAX-03MAR26,KXHIGHLAX,LAX,2026-03-03,53.0,0.98,yes,72.4,yes,True
KXHIGHNY-03MAR26-T62,KXHIGHNY-03MAR26,KXHIGHNY,NYC,2026-03-03,62.0,0.02,no,49.3,no,True
KXHIGHLAX-03MAR26-T78,KXHIGHLAX-03MAR26,KXHIGHLAX,LAX,2026-03-03,78.0,0.1414,no,72.4,no,True
KXHIGHLAX-03MAR26-T63,KXHIGHLAX-03MAR26,KXHIGHLAX,LAX,2026-03-03,63.0,0.9591,yes,72.4,yes,True
KXHIGHMI-03MAR26-T92,KXHIGHMI-03MAR26,KXHIGHMI,MIA,2026-03-03,92.0,0.02,no,79.7,no,True
KXHIGHCHI-03MAR26-T33,KXHIGHCHI-03MAR26,KXHIGHCHI,CHI,2026-03-03,33.0,0.98,yes,54.3,yes,True
KXHIGHNY-03MAR26-T42,KXHIGHNY-03MAR26,KXHIGHNY,NYC,2026-03-03,42.0,0.9246,yes,49.3,yes,True
KXHIGHNY-03MAR26-T47,KXHIGHNY-03MAR26,KXHIGHNY,NYC,2026-03-03,47.0,0.6846,yes,49.3,yes,True
KXHIGHNY-04MAR26-T37,KXHIGHNY-04MAR26,KXHIGHNY,NYC,2026-03-04,37.0,0.98,yes,54.9,yes,True
KXHIGHNY-04MAR26-T52,KXHIGHNY-04MAR26,KXHIGHNY,NYC,2026-03-04,52.0,0.7984,yes,54.9,yes,True
KXHIGHNY-04MAR26-T62,KXHIGHNY-04MAR26,KXHIGHNY,NYC,2026-03-04,62.0,0.0371,no,54.9,no,True
KXHIGHMI-04MAR26-T92,KXHIGHMI-04MAR26,KXHIGHMI,MIA,2026-03-04,92.0,0.0209,no,81.3,no,True
KXHIGHNY-04MAR26-T42,KXHIGHNY-04MAR26,KXHIGHNY,NYC,2026-03-04,42.0,0.98,yes,54.9,yes,True
KXHIGHCHI-04MAR26-T58,KXHIGHCHI-04MAR26,KXHIGHCHI,CHI,2026-03-04,58.0,0.02,no,41.2,no,True
KXHIGHLAX-04MAR26-T73,KXHIGHLAX-04MAR26,KXHIGHLAX,LAX,2026-03-04,73.0,0.0394,no,66.2,no,True
KXHIGHMI-04MAR26-T77,KXHIGHMI-04MAR26,KXHIGHMI,MIA,2026-03-04,77.0,0.8457,yes,81.3,yes,True
KXHIGHMI-04MAR26-T97,KXHIGHMI-04MAR26,KXHIGHMI,MIA,2026-03-04,97.0,0.02,no,81.3,no,True
KXHIGHLAX-04MAR26-T58,KXHIGHLAX-04MAR26,KXHIGHLAX,LAX,2026-03-04,58.0,0.9197,yes,66.2,yes,True
KXHIGHCHI-04MAR26-T63,KXHIGHCHI-04MAR26,KXHIGHCHI,CHI,2026-03-04,63.0,0.02,no,41.2,no,True
KXHIGHCHI-04MAR26-T38,KXHIGHCHI-04MAR26,KXHIGHCHI,CHI,2026-03-04,38.0,0.7945,yes,41.2,yes,True
KXHIGHNY-04MAR26-T67,KXHIGHNY-04MAR26,KXHIGHNY,NYC,2026-03-04,67.0,0.02,no,54.9,no,True
KXHIGHCHI-04MAR26-T53,KXHIGHCHI-04MAR26,KXHIGHCHI,CHI,2026-03-04,53.0,0.02,no,41.2,no,True
KXHIGHMI-04MAR26-T82,KXHIGHMI-04MAR26,KXHIGHMI,MIA,2026-03-04,82.0,0.3581,no,81.3,no,True
KXHIGHLAX-04MAR26-T83,KXHIGHLAX-04MAR26,KXHIGHLAX,LAX,2026-03-04,83.0,0.0256,no,66.2,no,True
KXHIGHNY-04MAR26-T47,KXHIGHNY-04MAR26,KXHIGHNY,NYC,2026-03-04,47.0,0.9411,yes,54.9,yes,True
KXHIGHNY-04MAR26-T57,KXHIGHNY-04MAR26,KXHIGHNY,NYC,2026-03-04,57.0,0.293,no,54.9,no,True
KXHIGHCHI-04MAR26-T33,KXHIGHCHI-04MAR26,KXHIGHCHI,CHI,2026-03-04,33.0,0.9367,yes,41.2,yes,True
KXHIGHCHI-04MAR26-T43,KXHIGHCHI-04MAR26,KXHIGHCHI,CHI,2026-03-04,43.0,0.3744,no,41.2,no,True
KXHIGHMI-04MAR26-T72,KXHIGHMI-04MAR26,KXHIGHMI,MIA,2026-03-04,72.0,0.9516,yes,81.3,yes,True
KXHIGHMI-04MAR26-T67,KXHIGHMI-04MAR26,KXHIGHMI,MIA,2026-03-04,67.0,0.9513,yes,81.3,yes,True
KXHIGHLAX-04MAR26-T53,KXHIGHLAX-04MAR26,KXHIGHLAX,LAX,2026-03-04,53.0,0.98,yes,66.2,yes,True
KXHIGHLAX-04MAR26-T63,KXHIGHLAX-04MAR26,KXHIGHLAX,LAX,2026-03-04,63.0,0.766,yes,66.2,yes,True
KXHIGHMI-04MAR26-T87,KXHIGHMI-04MAR26,KXHIGHMI,MIA,2026-03-04,87.0,0.1242,no,81.3,no,True
KXHIGHCHI-04MAR26-T48,KXHIGHCHI-04MAR26,KXHIGHCHI,CHI,2026-03-04,48.0,0.0968,no,41.2,no,True
KXHIGHLAX-04MAR26-T68,KXHIGHLAX-04MAR26,KXHIGHLAX,LAX,2026-03-04,68.0,0.3334,no,66.2,no,True
KXHIGHLAX-04MAR26-T78,KXHIGHLAX-04MAR26,KXHIGHLAX,LAX,2026-03-04,78.0,0.065,no,66.2,no,True
KXHIGHLAX-05MAR26-T73,KXHIGHLAX-05MAR26,KXHIGHLAX,LAX,2026-03-05,73.0,0.0311,no,64.9,no,True
KXHIGHNY-05MAR26-T37,KXHIGHNY-05MAR26,KXHIGHNY,NYC,2026-03-05,37.0,0.934,yes,55.8,yes,True
KXHIGHLAX-05MAR26-T53,KXHIGHLAX-05MAR26,KXHIGHLAX,LAX,2026-03-05,53.0,0.98,yes,64.9,yes,True
KXHIGHLAX-05MAR26-T58,KXHIGHLAX-05MAR26,KXHIGHLAX,LAX,2026-03-05,58.0,0.9331,yes,64.9,yes,True
KXHIGHNY-05MAR26-T52,KXHIGHNY-05MAR26,KXHIGHNY,NYC,2026-03-05,52.0,0.8753,yes,55.8,yes,True
KXHIGHLAX-05MAR26-T63,KXHIGHLAX-05MAR26,KXHIGHLAX,LAX,2026-03-05,63.0,0.6831,yes,64.9,yes,True
KXHIGHCHI-05MAR26-T48,KXHIGHCHI-05MAR26,KXHIGHCHI,CHI,2026-03-05,48.0,0.6024,yes,49.7,yes,True
KXHIGHMI-05MAR26-T92,KXHIGHMI-05MAR26,KXHIGHMI,MIA,2026-03-05,92.0,0.02,no,77.9,no,True
KXHIGHLAX-05MAR26-T83,KXHIGHLAX-05MAR26,KXHIGHLAX,LAX,2026-03-05,83.0,0.02,no,64.9,no,True
KXHIGHCHI-05MAR26-T63,KXHIGHCHI-05MAR26,KXHIGHCHI,CHI,2026-03-05,63.0,0.02,no,49.7,no,True
KXHIGHNY-05MAR26-T67,KXHIGHNY-05MAR26,KXHIGHNY,NYC,2026-03-05,67.0,0.0403,no,55.8,no,True
KXHIGHMI-05MAR26-T82,KXHIGHMI-05MAR26,KXHIGHMI,MIA,2026-03-05,82.0,0.1603,no,77.9,no,True
KXHIGHMI-05MAR26-T87,KXHIGHMI-05MAR26,KXHIGHMI,MIA,2026-03-05,87.0,0.0309,no,77.9,no,True
KXHIGHCHI-05MAR26-T33,KXHIGHCHI-05MAR26,KXHIGHCHI,CHI,2026-03-05,33.0,0.98,yes,49.7,yes,True
KXHIGHNY-05MAR26-T47,KXHIGHNY-05MAR26,KXHIGHNY,NYC,2026-03-05,47.0,0.9708,yes,55.8,yes,True
KXHIGHCHI-05MAR26-T43,KXHIGHCHI-05MAR26,KXHIGHCHI,CHI,2026-03-05,43.0,0.934,yes,49.7,yes,True
KXHIGHNY-05MAR26-T57,KXHIGHNY-05MAR26,KXHIGHNY,NYC,2026-03-05,57.0,0.3962,no,55.8,no,True
KXHIGHCHI-05MAR26-T58,KXHIGHCHI-05MAR26,KXHIGHCHI,CHI,2026-03-05,58.0,0.0636,no,49.7,no,True
KXHIGHLAX-05MAR26-T68,KXHIGHLAX-05MAR26,KXHIGHLAX,LAX,2026-03-05,68.0,0.1528,no,64.9,no,True
KXHIGHLAX-05MAR26-T78,KXHIGHLAX-05MAR26,KXHIGHLAX,LAX,2026-03-05,78.0,0.02,no,64.9,no,True
KXHIGHMI-05MAR26-T97,KXHIGHMI-05MAR26,KXHIGHMI,MIA,2026-03-05,97.0,0.02,no,77.9,no,True
KXHIGHMI-05MAR26-T72,KXHIGHMI-05MAR26,KXHIGHMI,MIA,2026-03-05,72.0,0.9522,yes,77.9,yes,True
KXHIGHNY-05MAR26-T42,KXHIGHNY-05MAR26,KXHIGHNY,NYC,2026-03-05,42.0,0.98,yes,55.8,yes,True
KXHIGHMI-05MAR26-T77,KXHIGHMI-05MAR26,KXHIGHMI,MIA,2026-03-05,77.0,0.5974,yes,77.9,yes,True
KXHIGHNY-05MAR26-T62,KXHIGHNY-05MAR26,KXHIGHNY,NYC,2026-03-05,62.0,0.0793,no,55.8,no,True
KXHIGHMI-05MAR26-T67,KXHIGHMI-05MAR26,KXHIGHMI,MIA,2026-03-05,67.0,0.9795,yes,77.9,yes,True
KXHIGHCHI-05MAR26-T53,KXHIGHCHI-05MAR26,KXHIGHCHI,CHI,2026-03-05,53.0,0.2415,no,49.7,no,True
KXHIGHCHI-05MAR26-T38,KXHIGHCHI-05MAR26,KXHIGHCHI,CHI,2026-03-05,38.0,0.98,yes,49.7,yes,True
KXHIGHMI-06MAR26-T87,KXHIGHMI-06MAR26,KXHIGHMI,MIA,2026-03-06,87.0,0.9442,yes,92.2,yes,True
KXHIGHCHI-06MAR26-T38,KXHIGHCHI-06MAR26,KXHIGHCHI,CHI,2026-03-06,38.0,0.9724,yes,46.7,yes,True
KXHIGHCHI-06MAR26-T33,KXHIGHCHI-06MAR26,KXHIGHCHI,CHI,2026-03-06,33.0,0.98,yes,46.7,yes,True
KXHIGHLAX-06MAR26-T83,KXHIGHLAX-06MAR26,KXHIGHLAX,LAX,2026-03-06,83.0,0.0263,no,64.4,no,True
KXHIGHCHI-06MAR26-T63,KXHIGHCHI-06MAR26,KXHIGHCHI,CHI,2026-03-06,63.0,0.02,no,46.7,no,True
KXHIGHNY-06MAR26-T37,KXHIGHNY-06MAR26,KXHIGHNY,NYC,2026-03-06,37.0,0.8536,yes,44.5,yes,True
KXHIGHLAX-06MAR26-T58,KXHIGHLAX-06MAR26,KXHIGHLAX,LAX,2026-03-06,58.0,0.9571,yes,64.4,yes,True
KXHIGHLAX-06MAR26-T78,KXHIGHLAX-06MAR26,KXHIGHLAX,LAX,2026-03-06,78.0,0.0533,no,64.4,no,True
KXHIGHNY-06MAR26-T42,KXHIGHNY-06MAR26,KXHIGHNY,NYC,2026-03-06,42.0,0.7297,yes,44.5,yes,True
KXHIGHLAX-06MAR26-T63,KXHIGHLAX-06MAR26,KXHIGHLAX,LAX,2026-03-06,63.0,0.661,yes,64.4,yes,True
KXHIGHNY-06MAR26-T62,KXHIGHNY-06MAR26,KXHIGHNY,NYC,2026-03-06,62.0,0.02,no,44.5,no,True
KXHIGHLAX-06MAR26-T73,KXHIGHLAX-06MAR26,KXHIGHLAX,LAX,2026-03-06,73.0,0.057,no,64.4,no,True
KXHIGHMI-06MAR26-T82,KXHIGHMI-06MAR26,KXHIGHMI,MIA,2026-03-06,82.0,0.9277,yes,92.2,yes,True
KXHIGHCHI-06MAR26-T53,KXHIGHCHI-06MAR26,KXHIGHCHI,CHI,2026-03-06,53.0,0.0438,no,46.7,no,True
KXHIGHMI-06MAR26-T97,KXHIGHMI-06MAR26,KXHIGHMI,MIA,2026-03-06,97.0,0.114,no,92.2,no,True
KXHIGHNY-06MAR26-T67,KXHIGHNY-06MAR26,KXHIGHNY,NYC,2026-03-06,67.0,0.02,no,44.5,no,True
KXHIGHNY-06MAR26-T52,KXHIGHNY-06MAR26,KXHIGHNY,NYC,2026-03-06,52.0,0.0343,no,44.5,no,True
KXHIGHMI-06MAR26-T77,KXHIGHMI-06MAR26,KXHIGHMI,MIA,2026-03-06,77.0,0.98,yes,92.2,yes,True
KXHIGHCHI-06MAR26-T48,KXHIGHCHI-06MAR26,KXHIGHCHI,CHI,2026-03-06,48.0,0.3712,no,46.7,no,True
KXHIGHCHI-06MAR26-T43,KXHIGHCHI-06MAR26,KXHIGHCHI,CHI,2026-03-06,43.0,0.8183,yes,46.7,yes,True
KXHIGHMI-06MAR26-T67,KXHIGHMI-06MAR26,KXHIGHMI,MIA,2026-03-06,67.0,0.98,yes,92.2,yes,True
KXHIGHCHI-06MAR26-T58,KXHIGHCHI-06MAR26,KXHIGHCHI,CHI,2026-03-06,58.0,0.0228,no,46.7,no,True
KXHIGHLAX-06MAR26-T68,KXHIGHLAX-06MAR26,KXHIGHLAX,LAX,2026-03-06,68.0,0.183,no,64.4,no,True
KXHIGHNY-06MAR26-T47,KXHIGHNY-06MAR26,KXHIGHNY,NYC,2026-03-06,47.0,0.3126,no,44.5,no,True
KXHIGHMI-06MAR26-T72,KXHIGHMI-06MAR26,KXHIGHMI,MIA,2026-03-06,72.0,0.98,yes,92.2,yes,True
KXHIGHLAX-06MAR26-T53,KXHIGHLAX-06MAR26,KXHIGHLAX,LAX,2026-03-06,53.0,0.98,yes,64.4,yes,True
KXHIGHNY-06MAR26-T57,KXHIGHNY-06MAR26,KXHIGHNY,NYC,2026-03-06,57.0,0.0465,no,44.5,no,True
KXHIGHMI-06MAR26-T92,KXHIGHMI-06MAR26,KXHIGHMI,MIA,2026-03-06,92.0,0.4793,yes,92.2,yes,True
KXHIGHCHI-07MAR26-T38,KXHIGHCHI-07MAR26,KXHIGHCHI,CHI,2026-03-07,38.0,0.955,yes,52.9,yes,True
KXHIGHNY-07MAR26-T42,KXHIGHNY-07MAR26,KXHIGHNY,NYC,2026-03-07,42.0,0.9682,yes,49.9,yes,True
KXHIGHCHI-07MAR26-T63,KXHIGHCHI-07MAR26,KXHIGHCHI,CHI,2026-03-07,63.0,0.0225,no,52.9,no,True
KXHIGHNY-07MAR26-T37,KXHIGHNY-07MAR26,KXHIGHNY,NYC,2026-03-07,37.0,0.98,yes,49.9,yes,True
KXHIGHLAX-07MAR26-T78,KXHIGHLAX-07MAR26,KXHIGHLAX,LAX,2026-03-07,78.0,0.0221,no,64.7,no,True
KXHIGHMI-07MAR26-T67,KXHIGHMI-07MAR26,KXHIGHMI,MIA,2026-03-07,67.0,0.98,yes,87.1,yes,True
KXHIGHLAX-07MAR26-T73,KXHIGHLAX-07MAR26,KXHIGHLAX,LAX,2026-03-07,73.0,0.0755,no,64.7,no,True
KXHIGHNY-07MAR26-T62,KXHIGHNY-07MAR26,KXHIGHNY,NYC,2026-03-07,62.0,0.02,no,49.9,no,True
KXHIGHMI-07MAR26-T82,KXHIGHMI-07MAR26,KXHIGHMI,MIA,2026-03-07,82.0,0.9227,yes,87.1,yes,True
KXHIGHNY-07MAR26-T67,KXHIGHNY-07MAR26,KXHIGHNY,NYC,2026-03-07,67.0,0.0234,no,49.9,no,True
KXHIGHNY-07MAR26-T57,KXHIGHNY-07MAR26,KXHIGHNY,NYC,2026-03-07,57.0,0.0436,no,49.9,no,True
KXHIGHLAX-07MAR26-T58,KXHIGHLAX-07MAR26,KXHIGHLAX,LAX,2026-03-07,58.0,0.8994,yes,64.7,yes,True
KXHIGHMI-07MAR26-T97,KXHIGHMI-07MAR26,KXHIGHMI,MIA,2026-03-07,97.0,0.0231,no,87.1,no,True
KXHIGHCHI-07MAR26-T33,KXHIGHCHI-07MAR26,KXHIGHCHI,CHI,2026-03-07,33.0,0.98,yes,52.9,yes,True
KXHIGHCHI-07MAR26-T43,KXHIGHCHI-07MAR26,KXHIGHCHI,CHI,2026-03-07,43.0,0.9383,yes,52.9,yes,True
KXHIGHCHI-07MAR26-T58,KXHIGHCHI-07MAR26,KXHIGHCHI,CHI,2026-03-07,58.0,0.1583,no,52.9,no,True
KXHIGHMI-07MAR26-T92,KXHIGHMI-07MAR26,KXHIGHMI,MIA,2026-03-07,92.0,0.1502,no,87.1,no,True
KXHIGHLAX-07MAR26-T53,KXHIGHLAX-07MAR26,KXHIGHLAX,LAX,2026-03-07,53.0,0.98,yes,64.7,yes,True
KXHIGHLAX-07MAR26-T68,KXHIGHLAX-07MAR26,KXHIGHLAX,LAX,2026-03-07,68.0,0.2421,no,64.7,no,True
KXHIGHNY-07MAR26-T52,KXHIGHNY-07MAR26,KXHIGHNY,NYC,2026-03-07,52.0,0.3205,no,49.9,no,True
KXHIGHMI-07MAR26-T77,KXHIGHMI-07MAR26,KXHIGHMI,MIA,2026-03-07,77.0,0.9733,yes,87.1,yes,True
KXHIGHLAX-07MAR26-T83,KXHIGHLAX-07MAR26,KXHIGHLAX,LAX,2026-03-07,83.0,0.0317,no,64.7,no,True
KXHIGHLAX-07MAR26-T63,KXHIGHLAX-07MAR26,KXHIGHLAX,LAX,2026-03-07,63.0,0.6878,yes,64.7,yes,True
KXHIGHMI-07MAR26-T72,KXHIGHMI-07MAR26,KXHIGHMI,MIA,2026-03-07,72.0,0.98,yes,87.1,yes,True
KXHIGHCHI-07MAR26-T53,KXHIGHCHI-07MAR26,KXHIGHCHI,CHI,2026-03-07,53.0,0.4756,no,52.9,no,True
KXHIGHNY-07MAR26-T47,KXHIGHNY-07MAR26,KXHIGHNY,NYC,2026-03-07,47.0,0.7556,yes,49.9,yes,True
KXHIGHCHI-07MAR26-T48,KXHIGHCHI-07MAR26,KXHIGHCHI,CHI,2026-03-07,48.0,0.9057,yes,52.9,yes,True
KXHIGHMI-07MAR26-T87,KXHIGHMI-07MAR26,KXHIGHMI,MIA,2026-03-07,87.0,0.4945,yes,87.1,yes,True
KXHIGHCHI-08MAR26-T63,KXHIGHCHI-08MAR26,KXHIGHCHI,CHI,2026-03-08,63.0,0.02,no,47.4,no,True
KXHIGHLAX-08MAR26-T78,KXHIGHLAX-08MAR26,KXHIGHLAX,LAX,2026-03-08,78.0,0.0727,no,65.8,no,True
KXHIGHMI-08MAR26-T82,KXHIGHMI-08MAR26,KXHIGHMI,MIA,2026-03-08,82.0,0.4008,no,80.7,no,True
KXHIGHMI-08MAR26-T92,KXHIGHMI-08MAR26,KXHIGHMI,MIA,2026-03-08,92.0,0.02,no,80.7,no,True
KXHIGHCHI-08MAR26-T58,KXHIGHCHI-08MAR26,KXHIGHCHI,CHI,2026-03-08,58.0,0.0212,no,47.4,no,True
KXHIGHLAX-08MAR26-T73,KXHIGHLAX-08MAR26,KXHIGHLAX,LAX,2026-03-08,73.0,0.0363,no,65.8,no,True
KXHIGHMI-08MAR26-T97,KXHIGHMI-08MAR26,KXHIGHMI,MIA,2026-03-08,97.0,0.02,no,80.7,no,True
KXHIGHNY-08MAR26-T52,KXHIGHNY-08MAR26,KXHIGHNY,NYC,2026-03-08,52.0,0.6866,yes,53.8,yes,True
KXHIGHLAX-08MAR26-T68,KXHIGHLAX-08MAR26,KXHIGHLAX,LAX,2026-03-08,68.0,0.3896,no,65.8,no,True
KXHIGHNY-08MAR26-T37,KXHIGHNY-08MAR26,KXHIGHNY,NYC,2026-03-08,37.0,0.9753,yes,53.8,yes,True
KXHIGHMI-08MAR26-T72,KXHIGHMI-08MAR26,KXHIGHMI,MIA,2026-03-08,72.0,0.9187,yes,80.7,yes,True
KXHIGHNY-08MAR26-T47,KXHIGHNY-08MAR26,KXHIGHNY,NYC,2026-03-08,47.0,0.9092,yes,53.8,yes,True
KXHIGHNY-08MAR26-T67,KXHIGHNY-08MAR26,KXHIGHNY,NYC,2026-03-08,67.0,0.02,no,53.8,no,True
KXHIGHLAX-08MAR26-T83,KXHIGHLAX-08MAR26,KXHIGHLAX,LAX,2026-03-08,83.0,0.02,no,65.8,no,True
KXHIGHMI-08MAR26-T87,KXHIGHMI-08MAR26,KXHIGHMI,MIA,2026-03-08,87.0,0.1027,no,80.7,no,True
KXHIGHNY-08MAR26-T57,KXHIGHNY-08MAR26,KXHIGHNY,NYC,2026-03-08,57.0,0.246,no,53.8,no,True
KXHIGHCHI-08MAR26-T33,KXHIGHCHI-08MAR26,KXHIGHCHI,CHI,2026-03-08,33.0,0.98,yes,47.4,yes,True
KXHIGHMI-08MAR26-T77,KXHIGHMI-08MAR26,KXHIGHMI,MIA,2026-03-08,77.0,0.812,yes,80.7,yes,True
KXHIGHMI-08MAR26-T67,KXHIGHMI-08MAR26,KXHIGHMI,MIA,2026-03-08,67.0,0.98,yes,80.7,yes,True
KXHIGHLAX-08MAR26-T63,KXHIGHLAX-08MAR26,KXHIGHLAX,LAX,2026-03-08,63.0,0.7494,yes,65.8,yes,True
KXHIGHLAX-08MAR26-T53,KXHIGHLAX-08MAR26,KXHIGHLAX,LAX,2026-03-08,53.0,0.98,yes,65.8,yes,True
KXHIGHNY-08MAR26-T62,KXHIGHNY-08MAR26,KXHIGHNY,NYC,2026-03-08,62.0,0.0832,no,53.8,no,True
KXHIGHLAX-08MAR26-T58,KXHIGHLAX-08MAR26,KXHIGHLAX,LAX,2026-03-08,58.0,0.9676,yes,65.8,yes,True
KXHIGHNY-08MAR26-T42,KXHIGHNY-08MAR26,KXHIGHNY,NYC,2026-03-08,42.0,0.98,yes,53.8,yes,True
KXHIGHCHI-08MAR26-T38,KXHIGHCHI-08MAR26,KXHIGHCHI,CHI,2026-03-08,38.0,0.9752,yes,47.4,yes,True
KXHIGHCHI-08MAR26-T53,KXHIGHCHI-08MAR26,KXHIGHCHI,CHI,2026-03-08,53.0,0.0901,no,47.4,no,True
KXHIGHCHI-08MAR26-T48,KXHIGHCHI-08MAR26,KXHIGHCHI,CHI,2026-03-08,48.0,0.4377,no,47.4,no,True
KXHIGHCHI-08MAR26-T43,KXHIGHCHI-08MAR26,KXHIGHCHI,CHI,2026-03-08,43.0,0.8158,yes,47.4,yes,True
KXHIGHCHI-09MAR26-T53,KXHIGHCHI-09MAR26,KXHIGHCHI,CHI,2026-03-09,53.0,0.3831,no,51.9,no,True
KXHIGHMI-09MAR26-T92,KXHIGHMI-09MAR26,KXHIGHMI,MIA,2026-03-09,92.0,0.02,no,79.8,no,True
KXHIGHMI-09MAR26-T97,KXHIGHMI-09MAR26,KXHIGHMI,MIA,2026-03-09,97.0,0.02,no,79.8,no,True
KXHIGHCHI-09MAR26-T63,KXHIGHCHI-09MAR26,KXHIGHCHI,CHI,2026-03-09,63.0,0.0669,no,51.9,no,True
KXHIGHNY-09MAR26-T42,KXHIGHNY-09MAR26,KXHIGHNY,NYC,2026-03-09,42.0,0.9709,yes,59.7,yes,True
KXHIGHCHI-09MAR26-T58,KXHIGHCHI-09MAR26,KXHIGHCHI,CHI,2026-03-09,58.0,0.0733,no,51.9,no,True
KXHIGHMI-09MAR26-T82,KXHIGHMI-09MAR26,KXHIGHMI,MIA,2026-03-09,82.0,0.3953,no,79.8,no,True
KXHIGHMI-09MAR26-T72,KXHIGHMI-09MAR26,KXHIGHMI,MIA,2026-03-09,72.0,0.9466,yes,79.8,yes,True
KXHIGHMI-09MAR26-T77,KXHIGHMI-09MAR26,KXHIGHMI,MIA,2026-03-09,77.0,0.7816,yes,79.8,yes,True
KXHIGHCHI-09MAR26-T48,KXHIGHCHI-09MAR26,KXHIGHCHI,CHI,2026-03-09,48.0,0.773,yes,51.9,yes,True
KXHIGHCHI-09MAR26-T33,KXHIGHCHI-09MAR26,KXHIGHCHI,CHI,2026-03-09,33.0,0.98,yes,51.9,yes,True
KXHIGHLAX-09MAR26-T53,KXHIGHLAX-09MAR26,KXHIGHLAX,LAX,2026-03-09,53.0,0.9787,yes,66.8,yes,True
KXHIGHNY-09MAR26-T62,KXHIGHNY-09MAR26,KXHIGHNY,NYC,2026-03-09,62.0,0.2562,no,59.7,no,True
KXHIGHNY-09MAR26-T67,KXHIGHNY-09MAR26,KXHIGHNY,NYC,2026-03-09,67.0,0.0946,no,59.7,no,True
KXHIGHLAX-09MAR26-T78,KXHIGHLAX-09MAR26,KXHIGHLAX,LAX,2026-03-09,78.0,0.02,no,66.8,no,True
KXHIGHLAX-09MAR26-T83,KXHIGHLAX-09MAR26,KXHIGHLAX,LAX,2026-03-09,83.0,0.02,no,66.8,no,True
KXHIGHCHI-09MAR26-T38,KXHIGHCHI-09MAR26,KXHIGHCHI,CHI,2026-03-09,38.0,0.98,yes,51.9,yes,True
KXHIGHNY-09MAR26-T37,KXHIGHNY-09MAR26,KXHIGHNY,NYC,2026-03-09,37.0,0.98,yes,59.7,yes,True
KXHIGHLAX-09MAR26-T73,KXHIGHLAX-09MAR26,KXHIGHLAX,LAX,2026-03-09,73.0,0.1104,no,66.8,no,True
KXHIGHMI-09MAR26-T67,KXHIGHMI-09MAR26,KXHIGHMI,MIA,2026-03-09,67.0,0.98,yes,79.8,yes,True
KXHIGHMI-09MAR26-T87,KXHIGHMI-09MAR26,KXHIGHMI,MIA,2026-03-09,87.0,0.0371,no,79.8,no,True
KXHIGHLAX-09MAR26-T68,KXHIGHLAX-09MAR26,KXHIGHLAX,LAX,2026-03-09,68.0,0.4003,no,66.8,no,True
KXHIGHNY-09MAR26-T52,KXHIGHNY-09MAR26,KXHIGHNY,NYC,2026-03-09,52.0,0.9666,yes,59.7,yes,True
KXHIGHLAX-09MAR26-T58,KXHIGHLAX-09MAR26,KXHIGHLAX,LAX,2026-03-09,58.0,0.9497,yes,66.8,yes,True
KXHIGHCHI-09MAR26-T43,KXHIGHCHI-09MAR26,KXHIGHCHI,CHI,2026-03-09,43.0,0.9733,yes,51.9,yes,True
KXHIGHNY-09MAR26-T57,KXHIGHNY-09MAR26,KXHIGHNY,NYC,2026-03-09,57.0,0.7659,yes,59.7,yes,True
KXHIGHNY-09MAR26-T47,KXHIGHNY-09MAR26,KXHIGHNY,NYC,2026-03-09,47.0,0.98,yes,59.7,yes,True
KXHIGHLAX-09MAR26-T63,KXHIGHLAX-09MAR26,KXHIGHLAX,LAX,2026-03-09,63.0,0.7914,yes,66.8,yes,True
KXHIGHCHI-10MAR26-T33,KXHIGHCHI-10MAR26,KXHIGHCHI,CHI,2026-03-10,33.0,0.98,yes,48.9,yes,True
KXHIGHLAX-10MAR26-T68,KXHIGHLAX-10MAR26,KXHIGHLAX,LAX,2026-03-10,68.0,0.2402,no,64.9,no,True
KXHIGHNY-10MAR26-T67,KXHIGHNY-10MAR26,KXHIGHNY,NYC,2026-03-10,67.0,0.0493,no,44.9,no,True
KXHIGHMI-10MAR26-T97,KXHIGHMI-10MAR26,KXHIGHMI,MIA,2026-03-10,97.0,0.1156,no,89.2,no,True
KXHIGHCHI-10MAR26-T43,KXHIGHCHI-10MAR26,KXHIGHCHI,CHI,2026-03-10,43.0,0.8391,yes,48.9,yes,True
KXHIGHLAX-10MAR26-T53,KXHIGHLAX-10MAR26,KXHIGHLAX,LAX,2026-03-10,53.0,0.98,yes,64.9,yes,True
KXHIGHMI-10MAR26-T87,KXHIGHMI-10MAR26,KXHIGHMI,MIA,2026-03-10,87.0,0.6743,yes,89.2,yes,True
KXHIGHMI-10MAR26-T67,KXHIGHMI-10MAR26,KXHIGHMI,MIA,2026-03-10,67.0,0.98,yes,89.2,yes,True
KXHIGHNY-10MAR26-T42,KXHIGHNY-10MAR26,KXHIGHNY,NYC,2026-03-10,42.0,0.7654,yes,44.9,yes,True
KXHIGHCHI-10MAR26-T48,KXHIGHCHI-10MAR26,KXHIGHCHI,CHI,2026-03-10,48.0,0.6033,yes,48.9,yes,True
KXHIGHNY-10MAR26-T47,KXHIGHNY-10MAR26,KXHIGHNY,NYC,2026-03-10,47.0,0.3889,no,44.9,no,True
KXHIGHMI-10MAR26-T82,KXHIGHMI-10MAR26,KXHIGHMI,MIA,2026-03-10,82.0,0.9637,yes,89.2,yes,True
KXHIGHLAX-10MAR26-T58,KXHIGHLAX-10MAR26,KXHIGHLAX,LAX,2026-03-10,58.0,0.9614,yes,64.9,yes,True
KXHIGHLAX-10MAR26-T63,KXHIGHLAX-10MAR26,KXHIGHLAX,LAX,2026-03-10,63.0,0.6927,yes,64.9,yes,True
KXHIGHNY-10MAR26-T57,KXHIGHNY-10MAR26,KXHIGHNY,NYC,2026-03-10,57.0,0.02,no,44.9,no,True
KXHIGHCHI-10MAR26-T53,KXHIGHCHI-10MAR26,KXHIGHCHI,CHI,2026-03-10,53.0,0.2157,no,48.9,no,True
KXHIGHLAX-10MAR26-T83,KXHIGHLAX-10MAR26,KXHIGHLAX,LAX,2026-03-10,83.0,0.02,no,64.9,no,True
KXHIGHMI-10MAR26-T72,KXHIGHMI-10MAR26,KXHIGHMI,MIA,2026-03-10,72.0,0.9778,yes,89.2,yes,True
KXHIGHCHI-10MAR26-T38,KXHIGHCHI-10MAR26,KXHIGHCHI,CHI,2026-03-10,38.0,0.9795,yes,48.9,yes,True
KXHIGHCHI-10MAR26-T63,KXHIGHCHI-10MAR26,KXHIGHCHI,CHI,2026-03-10,63.0,0.0379,no,48.9,no,True
KXHIGHCHI-10MAR26-T58,KXHIGHCHI-10MAR26,KXHIGHCHI,CHI,2026-03-10,58.0,0.0292,no,48.9,no,True
KXHIGHLAX-10MAR26-T78,KXHIGHLAX-10MAR26,KXHIGHLAX,LAX,2026-03-10,78.0,0.0219,no,64.9,no,True
KXHIGHNY-10MAR26-T52,KXHIGHNY-10MAR26,KXHIGHNY,NYC,2026-03-10,52.0,0.0371,no,44.9,no,True
KXHIGHLAX-10MAR26-T73,KXHIGHLAX-10MAR26,KXHIGHLAX,LAX,2026-03-10,73.0,0.0465,no,64.9,no,True
KXHIGHNY-10MAR26-T62,KXHIGHNY-10MAR26,KXHIGHNY,NYC,2026-03-10,62.0,0.02,no,44.9,no,True
KXHIGHNY-10MAR26-T37,KXHIGHNY-10MAR26,KXHIGHNY,NYC,2026-03-10,37.0,0.9682,yes,44.9,yes,True
KXHIGHMI-10MAR26-T77,KXHIGHMI-10MAR26,KXHIGHMI,MIA,2026-03-10,77.0,0.98,yes,89.2,yes,True
KXHIGHMI-10MAR26-T92,KXHIGHMI-10MAR26,KXHIGHMI,MIA,2026-03-10,92.0,0.2828,no,89.2,no,True
KXHIGHNY-11MAR26-T52,KXHIGHNY-11MAR26,KXHIGHNY,NYC,2026-03-11,52.0,0.6192,yes,53.8,yes,True
KXHIGHLAX-11MAR26-T53,KXHIGHLAX-11MAR26,KXHIGHLAX,LAX,2026-03-11,53.0,0.8941,yes,59.0,yes,True
KXHIGHCHI-11MAR26-T43,KXHIGHCHI-11MAR26,KXHIGHCHI,CHI,2026-03-11,43.0,0.9512,yes,48.8,yes,True
KXHIGHLAX-11MAR26-T63,KXHIGHLAX-11MAR26,KXHIGHLAX,LAX,2026-03-11,63.0,0.2006,no,59.0,no,True
KXHIGHLAX-11MAR26-T73,KXHIGHLAX-11MAR26,KXHIGHLAX,LAX,2026-03-11,73.0,0.02,no,59.0,no,True
KXHIGHNY-11MAR26-T47,KXHIGHNY-11MAR26,KXHIGHNY,NYC,2026-03-11,47.0,0.941,yes,53.8,yes,True
KXHIGHNY-11MAR26-T57,KXHIGHNY-11MAR26,KXHIGHNY,NYC,2026-03-11,57.0,0.3347,no,53.8,no,True
KXHIGHMI-11MAR26-T67,KXHIGHMI-11MAR26,KXHIGHMI,MIA,2026-03-11,67.0,0.98,yes,90.1,yes,True
KXHIGHMI-11MAR26-T87,KXHIGHMI-11MAR26,KXHIGHMI,MIA,2026-03-11,87.0,0.7342,yes,90.1,yes,True
KXHIGHMI-11MAR26-T72,KXHIGHMI-11MAR26,KXHIGHMI,MIA,2026-03-11,72.0,0.98,yes,90.1,yes,True
KXHIGHNY-11MAR26-T37,KXHIGHNY-11MAR26,KXHIGHNY,NYC,2026-03-11,37.0,0.98,yes,53.8,yes,True
KXHIGHMI-11MAR26-T92,KXHIGHMI-11MAR26,KXHIGHMI,MIA,2026-03-11,92.0,0.2742,no,90.1,no,True
KXHIGHCHI-11MAR26-T38,KXHIGHCHI-11MAR26,KXHIGHCHI,CHI,2026-03-11,38.0,0.9793,yes,48.8,yes,True
KXHIGHNY-11MAR26-T62,KXHIGHNY-11MAR26,KXHIGHNY,NYC,2026-03-11,62.0,0.0451,no,53.8,no,True
KXHIGHLAX-11MAR26-T78,KXHIGHLAX-11MAR26,KXHIGHLAX,LAX,2026-03-11,78.0,0.0534,no,59.0,no,True
KXHIGHCHI-11MAR26-T58,KXHIGHCHI-11MAR26,KXHIGHCHI,CHI,2026-03-11,58.0,0.0855,no,48.8,no,True
KXHIGHCHI-11MAR26-T63,KXHIGHCHI-11MAR26,KXHIGHCHI,CHI,2026-03-11,63.0,0.0592,no,48.8,no,True
KXHIGHMI-11MAR26-T77,KXHIGHMI-11MAR26,KXHIGHMI,MIA,2026-03-11,77.0,0.9795,yes,90.1,yes,True
KXHIGHLAX-11MAR26-T58,KXHIGHLAX-11MAR26,KXHIGHLAX,LAX,2026-03-11,58.0,0.5305,yes,59.0,yes,True
KXHIGHLAX-11MAR26-T83,KXHIGHLAX-11MAR26,KXHIGHLAX,LAX,2026-03-11,83.0,0.02,no,59.0,no,True
KXHIGHLAX-11MAR26-T68,KXHIGHLAX-11MAR26,KXHIGHLAX,LAX,2026-03-11,68.0,0.0543,no,59.0,no,True
KXHIGHCHI-11MAR26-T53,KXHIGHCHI-11MAR26,KXHIGHCHI,CHI,2026-03-11,53.0,0.1542,no,48.8,no,True
KXHIGHNY-11MAR26-T67,KXHIGHNY-11MAR26,KXHIGHNY,NYC,2026-03-11,67.0,0.02,no,53.8,no,True
KXHIGHCHI-11MAR26-T33,KXHIGHCHI-11MAR26,KXHIGHCHI,CHI,2026-03-11,33.0,0.98,yes,48.8,yes,True
KXHIGHMI-11MAR26-T97,KXHIGHMI-11MAR26,KXHIGHMI,MIA,2026-03-11,97.0,0.0695,no,90.1,no,True
KXHIGHNY-11MAR26-T42,KXHIGHNY-11MAR26,KXHIGHNY,NYC,2026-03-11,42.0,0.98,yes,53.8,yes,True
KXHIGHCHI-11MAR26-T48,KXHIGHCHI-11MAR26,KXHIGHCHI,CHI,2026-03-11,48.0,0.5683,yes,48.8,yes,True
KXHIGHMI-11MAR26-T82,KXHIGHMI-11MAR26,KXHIGHMI,MIA,2026-03-11,82.0,0.9159,yes,90.1,yes,True
KXHIGHCHI-12MAR26-T63,KXHIGHCHI-12MAR26,KXHIGHCHI,CHI,2026-03-12,63.0,0.0241,no,53.4,no,True
KXHIGHNY-12MAR26-T67,KXHIGHNY-12MAR26,KXHIGHNY,NYC,2026-03-12,67.0,0.0438,no,48.0,no,True
KXHIGHMI-12MAR26-T77,KXHIGHMI-12MAR26,KXHIGHMI,MIA,2026-03-12,77.0,0.7869,yes,81.7,yes,True
KXHIGHCHI-12MAR26-T43,KXHIGHCHI-12MAR26,KXHIGHCHI,CHI,2026-03-12,43.0,0.9766,yes,53.4,yes,True
KXHIGHCHI-12MAR26-T38,KXHIGHCHI-12MAR26,KXHIGHCHI,CHI,2026-03-12,38.0,0.98,yes,53.4,yes,True
KXHIGHLAX-12MAR26-T58,KXHIGHLAX-12MAR26,KXHIGHLAX,LAX,2026-03-12,58.0,0.8256,yes,62.0,yes,True
KXHIGHLAX-12MAR26-T83,KXHIGHLAX-12MAR26,KXHIGHLAX,LAX,2026-03-12,83.0,0.02,no,62.0,no,True
KXHIGHNY-12MAR26-T62,KXHIGHNY-12MAR26,KXHIGHNY,NYC,2026-03-12,62.0,0.0724,no,48.0,no,True
KXHIGHCHI-12MAR26-T48,KXHIGHCHI-12MAR26,KXHIGHCHI,CHI,2026-03-12,48.0,0.8263,yes,53.4,yes,True
KXHIGHNY-12MAR26-T47,KXHIGHNY-12MAR26,KXHIGHNY,NYC,2026-03-12,47.0,0.61,yes,48.0,yes,True
KXHIGHNY-12MAR26-T37,KXHIGHNY-12MAR26,KXHIGHNY,NYC,2026-03-12,37.0,0.9797,yes,48.0,yes,True
KXHIGHNY-12MAR26-T57,KXHIGHNY-12MAR26,KXHIGHNY,NYC,2026-03-12,57.0,0.0469,no,48.0,no,True
KXHIGHCHI-12MAR26-T58,KXHIGHCHI-12MAR26,KXHIGHCHI,CHI,2026-03-12,58.0,0.1104,no,53.4,no,True
KXHIGHMI-12MAR26-T72,KXHIGHMI-12MAR26,KXHIGHMI,MIA,2026-03-12,72.0,0.9763,yes,81.7,yes,True
KXHIGHLAX-12MAR26-T78,KXHIGHLAX-12MAR26,KXHIGHLAX,LAX,2026-03-12,78.0,0.035,no,62.0,no,True
KXHIGHCHI-12MAR26-T33,KXHIGHCHI-12MAR26,KXHIGHCHI,CHI,2026-03-12,33.0,0.98,yes,53.4,yes,True
KXHIGHLAX-12MAR26-T53,KXHIGHLAX-12MAR26,KXHIGHLAX,LAX,2026-03-12,53.0,0.9114,yes,62.0,yes,True
KXHIGHNY-12MAR26-T42,KXHIGHNY-12MAR26,KXHIGHNY,NYC,2026-03-12,42.0,0.9251,yes,48.0,yes,True
KXHIGHLAX-12MAR26-T68,KXHIGHLAX-12MAR26,KXHIGHLAX,LAX,2026-03-12,68.0,0.1658,no,62.0,no,True
KXHIGHMI-12MAR26-T97,KXHIGHMI-12MAR26,KXHIGHMI,MIA,2026-03-12,97.0,0.02,no,81.7,no,True
KXHIGHMI-12MAR26-T67,KXHIGHMI-12MAR26,KXHIGHMI,MIA,2026-03-12,67.0,0.9759,yes,81.7,yes,True
KXHIGHLAX-12MAR26-T63,KXHIGHLAX-12MAR26,KXHIGHLAX,LAX,2026-03-12,63.0,0.4434,no,62.0,no,True
KXHIGHMI-12MAR26-T87,KXHIGHMI-12MAR26,KXHIGHMI,MIA,2026-03-12,87.0,0.1563,no,81.7,no,True
KXHIGHLAX-12MAR26-T73,KXHIGHLAX-12MAR26,KXHIGHLAX,LAX,2026-03-12,73.0,0.0203,no,62.0,no,True
KXHIGHMI-12MAR26-T82,KXHIGHMI-12MAR26,KXHIGHMI,MIA,2026-03-12,82.0,0.4737,no,81.7,no,True
KXHIGHMI-12MAR26-T92,KXHIGHMI-12MAR26,KXHIGHMI,MIA,2026-03-12,92.0,0.0219,no,81.7,no,True
KXHIGHNY-12MAR26-T52,KXHIGHNY-12MAR26,KXHIGHNY,NYC,2026-03-12,52.0,0.1506,no,48.0,no,True
KXHIGHCHI-12MAR26-T53,KXHIGHCHI-12MAR26,KXHIGHCHI,CHI,2026-03-12,53.0,0.5104,yes,53.4,yes,True
KXHIGHNY-13MAR26-T62,KXHIGHNY-13MAR26,KXHIGHNY,NYC,2026-03-13,62.0,0.0822,no,53.6,no,True
KXHIGHMI-13MAR26-T82,KXHIGHMI-13MAR26,KXHIGHMI,MIA,2026-03-13,82.0,0.0968,no,75.5,no,True
KXHIGHLAX-13MAR26-T63,KXHIGHLAX-13MAR26,KXHIGHLAX,LAX,2026-03-13,63.0,0.6697,yes,64.5,yes,True
KXHIGHMI-13MAR26-T87,KXHIGHMI-13MAR26,KXHIGHMI,MIA,2026-03-13,87.0,0.02,no,75.5,no,True
KXHIGHLAX-13MAR26-T58,KXHIGHLAX-13MAR26,KXHIGHLAX,LAX,2026-03-13,58.0,0.9579,yes,64.5,yes,True
KXHIGHMI-13MAR26-T72,KXHIGHMI-13MAR26,KXHIGHMI,MIA,2026-03-13,72.0,0.7361,yes,75.5,yes,True
KXHIGHNY-13MAR26-T57,KXHIGHNY-13MAR26,KXHIGHNY,NYC,2026-03-13,57.0,0.2216,no,53.6,no,True
KXHIGHCHI-13MAR26-T53,KXHIGHCHI-13MAR26,KXHIGHCHI,CHI,2026-03-13,53.0,0.0847,no,45.0,no,True
KXHIGHMI-13MAR26-T77,KXHIGHMI-13MAR26,KXHIGHMI,MIA,2026-03-13,77.0,0.4279,no,75.5,no,True
KXHIGHNY-13MAR26-T47,KXHIGHNY-13MAR26,KXHIGHNY,NYC,2026-03-13,47.0,0.8821,yes,53.6,yes,True
KXHIGHLAX-13MAR26-T73,KXHIGHLAX-13MAR26,KXHIGHLAX,LAX,2026-03-13,73.0,0.0966,no,64.5,no,True
KXHIGHNY-13MAR26-T42,KXHIGHNY-13MAR26,KXHIGHNY,NYC,2026-03-13,42.0,0.9756,yes,53.6,yes,True
KXHIGHCHI-13MAR26-T43,KXHIGHCHI-13MAR26,KXHIGHCHI,CHI,2026-03-13,43.0,0.7473,yes,45.0,yes,True
KXHIGHMI-13MAR26-T67,KXHIGHMI-13MAR26,KXHIGHMI,MIA,2026-03-13,67.0,0.9714,yes,75.5,yes,True
KXHIGHCHI-13MAR26-T33,KXHIGHCHI-13MAR26,KXHIGHCHI,CHI,2026-03-13,33.0,0.98,yes,45.0,yes,True
KXHIGHCHI-13MAR26-T48,KXHIGHCHI-13MAR26,KXHIGHCHI,CHI,2026-03-13,48.0,0.2033,no,45.0,no,True
KXHIGHCHI-13MAR26-T58,KXHIGHCHI-13MAR26,KXHIGHCHI,CHI,2026-03-13,58.0,0.02,no,45.0,no,True
KXHIGHLAX-13MAR26-T78,KXHIGHLAX-13MAR26,KXHIGHLAX,LAX,2026-03-13,78.0,0.0528,no,64.5,no,True
KXHIGHLAX-13MAR26-T53,KXHIGHLAX-13MAR26,KXHIGHLAX,LAX,2026-03-13,53.0,0.98,yes,64.5,yes,True
KXHIGHMI-13MAR26-T97,KXHIGHMI-13MAR26,KXHIGHMI,MIA,2026-03-13,97.0,0.02,no,75.5,no,True
KXHIGHLAX-13MAR26-T83,KXHIGHLAX-13MAR26,KXHIGHLAX,LAX,2026-03-13,83.0,0.02,no,64.5,no,True
KXHIGHLAX-13MAR26-T68,KXHIGHLAX-13MAR26,KXHIGHLAX,LAX,2026-03-13,68.0,0.1468,no,64.5,no,True
KXHIGHCHI-13MAR26-T38,KXHIGHCHI-13MAR26,KXHIGHCHI,CHI,2026-03-13,38.0,0.9444,yes,45.0,yes,True
KXHIGHNY-13MAR26-T37,KXHIGHNY-13MAR26,KXHIGHNY,NYC,2026-03-13,37.0,0.98,yes,53.6,yes,True
KXHIGHNY-13MAR26-T52,KXHIGHNY-13MAR26,KXHIGHNY,NYC,2026-03-13,52.0,0.6452,yes,53.6,yes,True
KXHIGHNY-13MAR26-T67,KXHIGHNY-13MAR26,KXHIGHNY,NYC,2026-03-13,67.0,0.02,no,53.6,no,True
KXHIGHMI-13MAR26-T92,KXHIGHMI-13MAR26,KXHIGHMI,MIA,2026-03-13,92.0,0.02,no,75.5,no,True
KXHIGHCHI-13MAR26-T63,KXHIGHCHI-13MAR26,KXHIGHCHI,CHI,2026-03-13,63.0,0.02,no,45.0,no,True
KXHIGHMI-14MAR26-T87,KXHIGHMI-14MAR26,KXHIGHMI,MIA,2026-03-14,87.0,0.0237,no,77.3,no,True
KXHIGHMI-14MAR26-T72,KXHIGHMI-14MAR26,KXHIGHMI,MIA,2026-03-14,72.0,0.9013,yes,77.3,yes,True
KXHIGHNY-14MAR26-T62,KXHIGHNY-14MAR26,KXHIGHNY,NYC,2026-03-14,62.0,0.0294,no,48.5,no,True
KXHIGHMI-14MAR26-T97,KXHIGHMI-14MAR26,KXHIGHMI,MIA,2026-03-14,97.0,0.02,no,77.3,no,True
KXHIGHNY-14MAR26-T37,KXHIGHNY-14MAR26,KXHIGHNY,NYC,2026-03-14,37.0,0.98,yes,48.5,yes,True
KXHIGHNY-14MAR26-T47,KXHIGHNY-14MAR26,KXHIGHNY,NYC,2026-03-14,47.0,0.6244,yes,48.5,yes,True
KXHIGHCHI-14MAR26-T63,KXHIGHCHI-14MAR26,KXHIGHCHI,CHI,2026-03-14,63.0,0.1175,no,52.9,no,True
KXHIGHCHI-14MAR26-T33,KXHIGHCHI-14MAR26,KXHIGHCHI,CHI,2026-03-14,33.0,0.98,yes,52.9,yes,True
KXHIGHCHI-14MAR26-T48,KXHIGHCHI-14MAR26,KXHIGHCHI,CHI,2026-03-14,48.0,0.8685,yes,52.9,yes,True
KXHIGHLAX-14MAR26-T63,KXHIGHLAX-14MAR26,KXHIGHLAX,LAX,2026-03-14,63.0,0.98,yes,76.9,yes,True
KXHIGHLAX-14MAR26-T78,KXHIGHLAX-14MAR26,KXHIGHLAX,LAX,2026-03-14,78.0,0.3898,no,76.9,no,True
KXHIGHNY-14MAR26-T57,KXHIGHNY-14MAR26,KXHIGHNY,NYC,2026-03-14,57.0,0.0286,no,48.5,no,True
KXHIGHNY-14MAR26-T42,KXHIGHNY-14MAR26,KXHIGHNY,NYC,2026-03-14,42.0,0.9141,yes,48.5,yes,True
KXHIGHCHI-14MAR26-T58,KXHIGHCHI-14MAR26,KXHIGHCHI,CHI,2026-03-14,58.0,0.1418,no,52.9,no,True
KXHIGHLAX-14MAR26-T58,KXHIGHLAX-14MAR26,KXHIGHLAX,LAX,2026-03-14,58.0,0.98,yes,76.9,yes,True
KXHIGHNY-14MAR26-T52,KXHIGHNY-14MAR26,KXHIGHNY,NYC,2026-03-14,52.0,0.1705,no,48.5,no,True
KXHIGHLAX-14MAR26-T68,KXHIGHLAX-14MAR26,KXHIGHLAX,LAX,2026-03-14,68.0,0.9484,yes,76.9,yes,True
KXHIGHMI-14MAR26-T67,KXHIGHMI-14MAR26,KXHIGHMI,MIA,2026-03-14,67.0,0.9781,yes,77.3,yes,True
KXHIGHLAX-14MAR26-T73,KXHIGHLAX-14MAR26,KXHIGHLAX,LAX,2026-03-14,73.0,0.7824,yes,76.9,yes,True
KXHIGHCHI-14MAR26-T38,KXHIGHCHI-14MAR26,KXHIGHCHI,CHI,2026-03-14,38.0,0.9614,yes,52.9,yes,True
KXHIGHMI-14MAR26-T82,KXHIGHMI-14MAR26,KXHIGHMI,MIA,2026-03-14,82.0,0.1549,no,77.3,no,True
KXHIGHLAX-14MAR26-T53,KXHIGHLAX-14MAR26,KXHIGHLAX,LAX,2026-03-14,53.0,0.98,yes,76.9,yes,True
KXHIGHCHI-14MAR26-T43,KXHIGHCHI-14MAR26,KXHIGHCHI,CHI,2026-03-14,43.0,0.9769,yes,52.9,yes,True
KXHIGHMI-14MAR26-T77,KXHIGHMI-14MAR26,KXHIGHMI,MIA,2026-03-14,77.0,0.5016,yes,77.3,yes,True
KXHIGHNY-14MAR26-T67,KXHIGHNY-14MAR26,KXHIGHNY,NYC,2026-03-14,67.0,0.02,no,48.5,no,True
KXHIGHCHI-14MAR26-T53,KXHIGHCHI-14MAR26,KXHIGHCHI,CHI,2026-03-14,53.0,0.4979,no,52.9,no,True
KXHIGHMI-14MAR26-T92,KXHIGHMI-14MAR26,KXHIGHMI,MIA,2026-03-14,92.0,0.02,no,77.3,no,True
KXHIGHLAX-14MAR26-T83,KXHIGHLAX-14MAR26,KXHIGHLAX,LAX,2026-03-14,83.0,0.141,no,76.9,no,True
KXHIGHNY-15MAR26-T52,KXHIGHNY-15MAR26,KXHIGHNY,NYC,2026-03-15,52.0,0.1282,no,44.7,no,True
KXHIGHLAX-15MAR26-T83,KXHIGHLAX-15MAR26,KXHIGHLAX,LAX,2026-03-15,83.0,0.02,no,71.1,no,True
KXHIGHNY-15MAR26-T42,KXHIGHNY-15MAR26,KXHIGHNY,NYC,2026-03-15,42.0,0.6797,yes,44.7,yes,True
KXHIGHMI-15MAR26-T92,KXHIGHMI-15MAR26,KXHIGHMI,MIA,2026-03-15,92.0,0.02,no,77.1,no,True
KXHIGHNY-15MAR26-T57,KXHIGHNY-15MAR26,KXHIGHNY,NYC,2026-03-15,57.0,0.02,no,44.7,no,True
KXHIGHMI-15MAR26-T77,KXHIGHMI-15MAR26,KXHIGHMI,MIA,2026-03-15,77.0,0.5686,yes,77.1,yes,True
KXHIGHMI-15MAR26-T72,KXHIGHMI-15MAR26,KXHIGHMI,MIA,2026-03-15,72.0,0.9222,yes,77.1,yes,True
KXHIGHNY-15MAR26-T37,KXHIGHNY-15MAR26,KXHIGHNY,NYC,2026-03-15,37.0,0.8966,yes,44.7,yes,True
KXHIGHLAX-15MAR26-T73,KXHIGHLAX-15MAR26,KXHIGHLAX,LAX,2026-03-15,73.0,0.3739,no,71.1,no,True
KXHIGHLAX-15MAR26-T58,KXHIGHLAX-15MAR26,KXHIGHLAX,LAX,2026-03-15,58.0,0.98,yes,71.1,yes,True
KXHIGHCHI-15MAR26-T48,KXHIGHCHI-15MAR26,KXHIGHCHI,CHI,2026-03-15,48.0,0.5602,yes,48.8,yes,True
KXHIGHCHI-15MAR26-T63,KXHIGHCHI-15MAR26,KXHIGHCHI,CHI,2026-03-15,63.0,0.0526,no,48.8,no,True
KXHIGHNY-15MAR26-T62,KXHIGHNY-15MAR26,KXHIGHNY,NYC,2026-03-15,62.0,0.02,no,44.7,no,True
KXHIGHLAX-15MAR26-T53,KXHIGHLAX-15MAR26,KXHIGHLAX,LAX,2026-03-15,53.0,0.98,yes,71.1,yes,True
KXHIGHLAX-15MAR26-T63,KXHIGHLAX-15MAR26,KXHIGHLAX,LAX,2026-03-15,63.0,0.9694,yes,71.1,yes,True
KXHIGHMI-15MAR26-T97,KXHIGHMI-15MAR26,KXHIGHMI,MIA,2026-03-15,97.0,0.0379,no,77.1,no,True
KXHIGHNY-15MAR26-T67,KXHIGHNY-15MAR26,KXHIGHNY,NYC,2026-03-15,67.0,0.02,no,44.7,no,True
KXHIGHCHI-15MAR26-T43,KXHIGHCHI-15MAR26,KXHIGHCHI,CHI,2026-03-15,43.0,0.8717,yes,48.8,yes,True
KXHIGHLAX-15MAR26-T78,KXHIGHLAX-15MAR26,KXHIGHLAX,LAX,2026-03-15,78.0,0.0386,no,71.1,no,True
KXHIGHMI-15MAR26-T82,KXHIGHMI-15MAR26,KXHIGHMI,MIA,2026-03-15,82.0,0.1641,no,77.1,no,True
KXHIGHNY-15MAR26-T47,KXHIGHNY-15MAR26,KXHIGHNY,NYC,2026-03-15,47.0,0.2809,no,44.7,no,True
KXHIGHCHI-15MAR26-T53,KXHIGHCHI-15MAR26,KXHIGHCHI,CHI,2026-03-15,53.0,0.1462,no,48.8,no,True
KXHIGHCHI-15MAR26-T33,KXHIGHCHI-15MAR26,KXHIGHCHI,CHI,2026-03-15,33.0,0.98,yes,48.8,yes,True
KXHIGHMI-15MAR26-T87,KXHIGHMI-15MAR26,KXHIGHMI,MIA,2026-03-15,87.0,0.0231,no,77.1,no,True
KXHIGHCHI-15MAR26-T58,KXHIGHCHI-15MAR26,KXHIGHCHI,CHI,2026-03-15,58.0,0.0744,no,48.8,no,True
KXHIGHMI-15MAR26-T67,KXHIGHMI-15MAR26,KXHIGHMI,MIA,2026-03-15,67.0,0.9548,yes,77.1,yes,True
KXHIGHCHI-15MAR26-T38,KXHIGHCHI-15MAR26,KXHIGHCHI,CHI,2026-03-15,38.0,0.9694,yes,48.8,yes,True
KXHIGHLAX-15MAR26-T68,KXHIGHLAX-15MAR26,KXHIGHLAX,LAX,2026-03-15,68.0,0.6418,yes,71.1,yes,True
KXHIGHMI-16MAR26-T82,KXHIGHMI-16MAR26,KXHIGHMI,MIA,2026-03-16,82.0,0.267,no,79.2,no,True
KXHIGHNY-16MAR26-T57,KXHIGHNY-16MAR26,KXHIGHNY,NYC,2026-03-16,57.0,0.2951,no,54.3,no,True
KXHIGHMI-16MAR26-T67,KXHIGHMI-16MAR26,KXHIGHMI,MIA,2026-03-16,67.0,0.98,yes,79.2,yes,True
KXHIGHCHI-16MAR26-T33,KXHIGHCHI-16MAR26,KXHIGHCHI,CHI,2026-03-16,33.0,0.9767,yes,45.3,yes,True
KXHIGHNY-16MAR26-T42,KXHIGHNY-16MAR26,KXHIGHNY,NYC,2026-03-16,42.0,0.8874,yes,54.3,yes,True
KXHIGHNY-16MAR26-T37,KXHIGHNY-16MAR26,KXHIGHNY,NYC,2026-03-16,37.0,0.98,yes,54.3,yes,True
KXHIGHMI-16MAR26-T72,KXHIGHMI-16MAR26,KXHIGHMI,MIA,2026-03-16,72.0,0.9637,yes,79.2,yes,True
KXHIGHCHI-16MAR26-T63,KXHIGHCHI-16MAR26,KXHIGHCHI,CHI,2026-03-16,63.0,0.02,no,45.3,no,True
KXHIGHLAX-16MAR26-T68,KXHIGHLAX-16MAR26,KXHIGHLAX,LAX,2026-03-16,68.0,0.2606,no,65.5,no,True
KXHIGHLAX-16MAR26-T58,KXHIGHLAX-16MAR26,KXHIGHLAX,LAX,2026-03-16,58.0,0.8921,yes,65.5,yes,True
KXHIGHMI-16MAR26-T97,KXHIGHMI-16MAR26,KXHIGHMI,MIA,2026-03-16,97.0,0.02,no,79.2,no,True
KXHIGHLAX-16MAR26-T73,KXHIGHLAX-16MAR26,KXHIGHLAX,LAX,2026-03-16,73.0,0.0681,no,65.5,no,True
KXHIGHMI-16MAR26-T87,KXHIGHMI-16MAR26,KXHIGHMI,MIA,2026-03-16,87.0,0.0342,no,79.2,no,True
KXHIGHNY-16MAR26-T67,KXHIGHNY-16MAR26,KXHIGHNY,NYC,2026-03-16,67.0,0.0449,no,54.3,no,True
KXHIGHNY-16MAR26-T52,KXHIGHNY-16MAR26,KXHIGHNY,NYC,2026-03-16,52.0,0.6953,yes,54.3,yes,True
KXHIGHCHI-16MAR26-T43,KXHIGHCHI-16MAR26,KXHIGHCHI,CHI,2026-03-16,43.0,0.7248,yes,45.3,yes,True
KXHIGHMI-16MAR26-T77,KXHIGHMI-16MAR26,KXHIGHMI,MIA,2026-03-16,77.0,0.714,yes,79.2,yes,True
KXHIGHCHI-16MAR26-T48,KXHIGHCHI-16MAR26,KXHIGHCHI,CHI,2026-03-16,48.0,0.2427,no,45.3,no,True
KXHIGHNY-16MAR26-T62,KXHIGHNY-16MAR26,KXHIGHNY,NYC,2026-03-16,62.0,0.1269,no,54.3,no,True
KXHIGHNY-16MAR26-T47,KXHIGHNY-16MAR26,KXHIGHNY,NYC,2026-03-16,47.0,0.9396,yes,54.3,yes,True
KXHIGHCHI-16MAR26-T38,KXHIGHCHI-16MAR26,KXHIGHCHI,CHI,2026-03-16,38.0,0.9069,yes,45.3,yes,True
KXHIGHMI-16MAR26-T92,KXHIGHMI-16MAR26,KXHIGHMI,MIA,2026-03-16,92.0,0.02,no,79.2,no,True
KXHIGHLAX-16MAR26-T63,KXHIGHLAX-16MAR26,KXHIGHLAX,LAX,2026-03-16,63.0,0.7685,yes,65.5,yes,True
KXHIGHLAX-16MAR26-T78,KXHIGHLAX-16MAR26,KXHIGHLAX,LAX,2026-03-16,78.0,0.02,no,65.5,no,True
KXHIGHLAX-16MAR26-T53,KXHIGHLAX-16MAR26,KXHIGHLAX,LAX,2026-03-16,53.0,0.9545,yes,65.5,yes,True
KXHIGHCHI-16MAR26-T58,KXHIGHCHI-16MAR26,KXHIGHCHI,CHI,2026-03-16,58.0,0.02,no,45.3,no,True
KXHIGHCHI-16MAR26-T53,KXHIGHCHI-16MAR26,KXHIGHCHI,CHI,2026-03-16,53.0,0.0759,no,45.3,no,True
KXHIGHLAX-16MAR26-T83,KXHIGHLAX-16MAR26,KXHIGHLAX,LAX,2026-03-16,83.0,0.02,no,65.5,no,True
KXHIGHCHI-17MAR26-T48,KXHIGHCHI-17MAR26,KXHIGHCHI,CHI,2026-03-17,48.0,0.1412,no,43.5,no,True
KXHIGHNY-17MAR26-T52,KXHIGHNY-17MAR26,KXHIGHNY,NYC,2026-03-17,52.0,0.0225,no,41.9,no,True
KXHIGHLAX-17MAR26-T78,KXHIGHLAX-17MAR26,KXHIGHLAX,LAX,2026-03-17,78.0,0.02,no,60.8,no,True
KXHIGHCHI-17MAR26-T43,KXHIGHCHI-17MAR26,KXHIGHCHI,CHI,2026-03-17,43.0,0.5319,yes,43.5,yes,True
KXHIGHLAX-17MAR26-T63,KXHIGHLAX-17MAR26,KXHIGHLAX,LAX,2026-03-17,63.0,0.3443,no,60.8,no,True
KXHIGHLAX-17MAR26-T58,KXHIGHLAX-17MAR26,KXHIGHLAX,LAX,2026-03-17,58.0,0.6872,yes,60.8,yes,True
KXHIGHNY-17MAR26-T42,KXHIGHNY-17MAR26,KXHIGHNY,NYC,2026-03-17,42.0,0.4308,no,41.9,no,True
KXHIGHNY-17MAR26-T47,KXHIGHNY-17MAR26,KXHIGHNY,NYC,2026-03-17,47.0,0.2378,no,41.9,no,True
KXHIGHNY-17MAR26-T37,KXHIGHNY-17MAR26,KXHIGHNY,NYC,2026-03-17,37.0,0.8502,yes,41.9,yes,True
KXHIGHCHI-17MAR26-T38,KXHIGHCHI-17MAR26,KXHIGHCHI,CHI,2026-03-17,38.0,0.9478,yes,43.5,yes,True
KXHIGHLAX-17MAR26-T68,KXHIGHLAX-17MAR26,KXHIGHLAX,LAX,2026-03-17,68.0,0.0397,no,60.8,no,True
KXHIGHCHI-17MAR26-T58,KXHIGHCHI-17MAR26,KXHIGHCHI,CHI,2026-03-17,58.0,0.02,no,43.5,no,True
KXHIGHLAX-17MAR26-T53,KXHIGHLAX-17MAR26,KXHIGHLAX,LAX,2026-03-17,53.0,0.956,yes,60.8,yes,True
KXHIGHMI-17MAR26-T82,KXHIGHMI-17MAR26,KXHIGHMI,MIA,2026-03-17,82.0,0.4843,yes,82.3,yes,True
KXHIGHMI-17MAR26-T67,KXHIGHMI-17MAR26,KXHIGHMI,MIA,2026-03-17,67.0,0.98,yes,82.3,yes,True
KXHIGHLAX-17MAR26-T83,KXHIGHLAX-17MAR26,KXHIGHLAX,LAX,2026-03-17,83.0,0.0495,no,60.8,no,True
KXHIGHNY-17MAR26-T67,KXHIGHNY-17MAR26,KXHIGHNY,NYC,2026-03-17,67.0,0.02,no,41.9,no,True
KXHIGHNY-17MAR26-T62,KXHIGHNY-17MAR26,KXHIGHNY,NYC,2026-03-17,62.0,0.02,no,41.9,no,True
KXHIGHCHI-17MAR26-T63,KXHIGHCHI-17MAR26,KXHIGHCHI,CHI,2026-03-17,63.0,0.02,no,43.5,no,True
KXHIGHCHI-17MAR26-T53,KXHIGHCHI-17MAR26,KXHIGHCHI,CHI,2026-03-17,53.0,0.0327,no,43.5,no,True
KXHIGHMI-17MAR26-T97,KXHIGHMI-17MAR26,KXHIGHMI,MIA,2026-03-17,97.0,0.02,no,82.3,no,True
KXHIGHLAX-17MAR26-T73,KXHIGHLAX-17MAR26,KXHIGHLAX,LAX,2026-03-17,73.0,0.02,no,60.8,no,True
KXHIGHCHI-17MAR26-T33,KXHIGHCHI-17MAR26,KXHIGHCHI,CHI,2026-03-17,33.0,0.9786,yes,43.5,yes,True
KXHIGHMI-17MAR26-T87,KXHIGHMI-17MAR26,KXHIGHMI,MIA,2026-03-17,87.0,0.0707,no,82.3,no,True
KXHIGHMI-17MAR26-T92,KXHIGHMI-17MAR26,KXHIGHMI,MIA,2026-03-17,92.0,0.0398,no,82.3,no,True
KXHIGHNY-17MAR26-T57,KXHIGHNY-17MAR26,KXHIGHNY,NYC,2026-03-17,57.0,0.02,no,41.9,no,True
KXHIGHMI-17MAR26-T77,KXHIGHMI-17MAR26,KXHIGHMI,MIA,2026-03-17,77.0,0.8457,yes,82.3,yes,True
KXHIGHMI-17MAR26-T72,KXHIGHMI-17MAR26,KXHIGHMI,MIA,2026-03-17,72.0,0.9781,yes,82.3,yes,True
KXHIGHMI-18MAR26-T97,KXHIGHMI-18MAR26,KXHIGHMI,MIA,2026-03-18,97.0,0.02,no,82.2,no,True
KXHIGHLAX-18MAR26-T68,KXHIGHLAX-18MAR26,KXHIGHLAX,LAX,2026-03-18,68.0,0.3774,no,66.9,no,True
KXHIGHCHI-18MAR26-T33,KXHIGHCHI-18MAR26,KXHIGHCHI,CHI,2026-03-18,33.0,0.98,yes,48.6,yes,True
KXHIGHMI-18MAR26-T77,KXHIGHMI-18MAR26,KXHIGHMI,MIA,2026-03-18,77.0,0.9442,yes,82.2,yes,True
KXHIGHNY-18MAR26-T62,KXHIGHNY-18MAR26,KXHIGHNY,NYC,2026-03-18,62.0,0.0225,no,51.9,no,True
KXHIGHCHI-18MAR26-T58,KXHIGHCHI-18MAR26,KXHIGHCHI,CHI,2026-03-18,58.0,0.0248,no,48.6,no,True
KXHIGHLAX-18MAR26-T58,KXHIGHLAX-18MAR26,KXHIGHLAX,LAX,2026-03-18,58.0,0.9569,yes,66.9,yes,True
KXHIGHMI-18MAR26-T87,KXHIGHMI-18MAR26,KXHIGHMI,MIA,2026-03-18,87.0,0.1783,no,82.2,no,True
KXHIGHLAX-18MAR26-T78,KXHIGHLAX-18MAR26,KXHIGHLAX,LAX,2026-03-18,78.0,0.0222,no,66.9,no,True
KXHIGHNY-18MAR26-T57,KXHIGHNY-18MAR26,KXHIGHNY,NYC,2026-03-18,57.0,0.1069,no,51.9,no,True
KXHIGHCHI-18MAR26-T43,KXHIGHCHI-18MAR26,KXHIGHCHI,CHI,2026-03-18,43.0,0.857,yes,48.6,yes,True
KXHIGHMI-18MAR26-T67,KXHIGHMI-18MAR26,KXHIGHMI,MIA,2026-03-18,67.0,0.9187,yes,82.2,yes,True
KXHIGHNY-18MAR26-T67,KXHIGHNY-18MAR26,KXHIGHNY,NYC,2026-03-18,67.0,0.02,no,51.9,no,True
KXHIGHLAX-18MAR26-T63,KXHIGHLAX-18MAR26,KXHIGHLAX,LAX,2026-03-18,63.0,0.7959,yes,66.9,yes,True
KXHIGHLAX-18MAR26-T83,KXHIGHLAX-18MAR26,KXHIGHLAX,LAX,2026-03-18,83.0,0.02,no,66.9,no,True
KXHIGHNY-18MAR26-T37,KXHIGHNY-18MAR26,KXHIGHNY,NYC,2026-03-18,37.0,0.98,yes,51.9,yes,True
KXHIGHNY-18MAR26-T47,KXHIGHNY-18MAR26,KXHIGHNY,NYC,2026-03-18,47.0,0.8385,yes,51.9,yes,True
KXHIGHNY-18MAR26-T52,KXHIGHNY-18MAR26,KXHIGHNY,NYC,2026-03-18,52.0,0.4759,no,51.9,no,True
KXHIGHCHI-18MAR26-T38,KXHIGHCHI-18MAR26,KXHIGHCHI,CHI,2026-03-18,38.0,0.9788,yes,48.6,yes,True
KXHIGHCHI-18MAR26-T53,KXHIGHCHI-18MAR26,KXHIGHCHI,CHI,2026-03-18,53.0,0.1318,no,48.6,no,True
KXHIGHLAX-18MAR26-T73,KXHIGHLAX-18MAR26,KXHIGHLAX,LAX,2026-03-18,73.0,0.179,no,66.9,no,True
KXHIGHMI-18MAR26-T72,KXHIGHMI-18MAR26,KXHIGHMI,MIA,2026-03-18,72.0,0.9778,yes,82.2,yes,True
KXHIGHMI-18MAR26-T82,KXHIGHMI-18MAR26,KXHIGHMI,MIA,2026-03-18,82.0,0.5312,yes,82.2,yes,True
KXHIGHLAX-18MAR26-T53,KXHIGHLAX-18MAR26,KXHIGHLAX,LAX,2026-03-18,53.0,0.98,yes,66.9,yes,True
KXHIGHCHI-18MAR26-T63,KXHIGHCHI-18MAR26,KXHIGHCHI,CHI,2026-03-18,63.0,0.0678,no,48.6,no,True
KXHIGHMI-18MAR26-T92,KXHIGHMI-18MAR26,KXHIGHMI,MIA,2026-03-18,92.0,0.0234,no,82.2,no,True
KXHIGHCHI-18MAR26-T48,KXHIGHCHI-18MAR26,KXHIGHCHI,CHI,2026-03-18,48.0,0.5084,yes,48.6,yes,True
KXHIGHNY-18MAR26-T42,KXHIGHNY-18MAR26,KXHIGHNY,NYC,2026-03-18,42.0,0.9596,yes,51.9,yes,True
KXHIGHCHI-19MAR26-T48,KXHIGHCHI-19MAR26,KXHIGHCHI,CHI,2026-03-19,48.0,0.98,yes,59.9,yes,True
KXHIGHMI-19MAR26-T82,KXHIGHMI-19MAR26,KXHIGHMI,MIA,2026-03-19,82.0,0.8458,yes,86.3,yes,True
KXHIGHLAX-19MAR26-T78,KXHIGHLAX-19MAR26,KXHIGHLAX,LAX,2026-03-19,78.0,0.0225,no,67.9,no,True
KXHIGHLAX-19MAR26-T53,KXHIGHLAX-19MAR26,KXHIGHLAX,LAX,2026-03-19,53.0,0.98,yes,67.9,yes,True
KXHIGHLAX-19MAR26-T83,KXHIGHLAX-19MAR26,KXHIGHLAX,LAX,2026-03-19,83.0,0.0216,no,67.9,no,True
KXHIGHMI-19MAR26-T92,KXHIGHMI-19MAR26,KXHIGHMI,MIA,2026-03-19,92.0,0.1474,no,86.3,no,True
KXHIGHLAX-19MAR26-T68,KXHIGHLAX-19MAR26,KXHIGHLAX,LAX,2026-03-19,68.0,0.469,no,67.9,no,True
KXHIGHMI-19MAR26-T72,KXHIGHMI-19MAR26,KXHIGHMI,MIA,2026-03-19,72.0,0.98,yes,86.3,yes,True
KXHIGHMI-19MAR26-T67,KXHIGHMI-19MAR26,KXHIGHMI,MIA,2026-03-19,67.0,0.98,yes,86.3,yes,True
KXHIGHCHI-19MAR26-T33,KXHIGHCHI-19MAR26,KXHIGHCHI,CHI,2026-03-19,33.0,0.98,yes,59.9,yes,True
KXHIGHMI-19MAR26-T97,KXHIGHMI-19MAR26,KXHIGHMI,MIA,2026-03-19,97.0,0.0209,no,86.3,no,True
KXHIGHMI-19MAR26-T77,KXHIGHMI-19MAR26,KXHIGHMI,MIA,2026-03-19,77.0,0.9749,yes,86.3,yes,True
KXHIGHNY-19MAR26-T57,KXHIGHNY-19MAR26,KXHIGHNY,NYC,2026-03-19,57.0,0.0676,no,47.0,no,True
KXHIGHCHI-19MAR26-T43,KXHIGHCHI-19MAR26,KXHIGHCHI,CHI,2026-03-19,43.0,0.98,yes,59.9,yes,True
KXHIGHNY-19MAR26-T47,KXHIGHNY-19MAR26,KXHIGHNY,NYC,2026-03-19,47.0,0.3747,yes,47.0,yes,True
KXHIGHNY-19MAR26-T67,KXHIGHNY-19MAR26,KXHIGHNY,NYC,2026-03-19,67.0,0.02,no,47.0,no,True
KXHIGHCHI-19MAR26-T38,KXHIGHCHI-19MAR26,KXHIGHCHI,CHI,2026-03-19,38.0,0.98,yes,59.9,yes,True
KXHIGHCHI-19MAR26-T53,KXHIGHCHI-19MAR26,KXHIGHCHI,CHI,2026-03-19,53.0,0.9614,yes,59.9,yes,True
KXHIGHCHI-19MAR26-T63,KXHIGHCHI-19MAR26,KXHIGHCHI,CHI,2026-03-19,63.0,0.218,no,59.9,no,True
KXHIGHLAX-19MAR26-T73,KXHIGHLAX-19MAR26,KXHIGHLAX,LAX,2026-03-19,73.0,0.1267,no,67.9,no,True
KXHIGHNY-19MAR26-T42,KXHIGHNY-19MAR26,KXHIGHNY,NYC,2026-03-19,42.0,0.9291,yes,47.0,yes,True
KXHIGHLAX-19MAR26-T63,KXHIGHLAX-19MAR26,KXHIGHLAX,LAX,2026-03-19,63.0,0.8506,yes,67.9,yes,True
KXHIGHCHI-19MAR26-T58,KXHIGHCHI-19MAR26,KXHIGHCHI,CHI,2026-03-19,58.0,0.6521,yes,59.9,yes,True
KXHIGHLAX-19MAR26-T58,KXHIGHLAX-19MAR26,KXHIGHLAX,LAX,2026-03-19,58.0,0.9769,yes,67.9,yes,True
KXHIGHNY-19MAR26-T62,KXHIGHNY-19MAR26,KXHIGHNY,NYC,2026-03-19,62.0,0.02,no,47.0,no,True
KXHIGHNY-19MAR26-T37,KXHIGHNY-19MAR26,KXHIGHNY,NYC,2026-03-19,37.0,0.974,yes,47.0,yes,True
KXHIGHNY-19MAR26-T52,KXHIGHNY-19MAR26,KXHIGHNY,NYC,2026-03-19,52.0,0.1799,no,47.0,no,True
KXHIGHMI-19MAR26-T87,KXHIGHMI-19MAR26,KXHIGHMI,MIA,2026-03-19,87.0,0.397,no,86.3,no,True
KXHIGHLAX-20MAR26-T58,KXHIGHLAX-20MAR26,KXHIGHLAX,LAX,2026-03-20,58.0,0.9719,yes,66.6,yes,True
KXHIGHNY-20MAR26-T42,KXHIGHNY-20MAR26,KXHIGHNY,NYC,2026-03-20,42.0,0.9138,yes,51.0,yes,True
KXHIGHCHI-20MAR26-T38,KXHIGHCHI-20MAR26,KXHIGHCHI,CHI,2026-03-20,38.0,0.9795,yes,48.9,yes,True
KXHIGHLAX-20MAR26-T78,KXHIGHLAX-20MAR26,KXHIGHLAX,LAX,2026-03-20,78.0,0.0426,no,66.6,no,True
KXHIGHLAX-20MAR26-T73,KXHIGHLAX-20MAR26,KXHIGHLAX,LAX,2026-03-20,73.0,0.0429,no,66.6,no,True
KXHIGHCHI-20MAR26-T48,KXHIGHCHI-20MAR26,KXHIGHCHI,CHI,2026-03-20,48.0,0.6166,yes,48.9,yes,True
KXHIGHMI-20MAR26-T77,KXHIGHMI-20MAR26,KXHIGHMI,MIA,2026-03-20,77.0,0.917,yes,84.9,yes,True
KXHIGHLAX-20MAR26-T63,KXHIGHLAX-20MAR26,KXHIGHLAX,LAX,2026-03-20,63.0,0.7896,yes,66.6,yes,True
KXHIGHNY-20MAR26-T52,KXHIGHNY-20MAR26,KXHIGHNY,NYC,2026-03-20,52.0,0.3527,no,51.0,no,True
KXHIGHCHI-20MAR26-T33,KXHIGHCHI-20MAR26,KXHIGHCHI,CHI,2026-03-20,33.0,0.98,yes,48.9,yes,True
KXHIGHNY-20MAR26-T67,KXHIGHNY-20MAR26,KXHIGHNY,NYC,2026-03-20,67.0,0.0431,no,51.0,no,True
KXHIGHCHI-20MAR26-T63,KXHIGHCHI-20MAR26,KXHIGHCHI,CHI,2026-03-20,63.0,0.0397,no,48.9,no,True
KXHIGHLAX-20MAR26-T68,KXHIGHLAX-20MAR26,KXHIGHLAX,LAX,2026-03-20,68.0,0.3692,no,66.6,no,True
KXHIGHMI-20MAR26-T82,KXHIGHMI-20MAR26,KXHIGHMI,MIA,2026-03-20,82.0,0.7492,yes,84.9,yes,True
KXHIGHMI-20MAR26-T72,KXHIGHMI-20MAR26,KXHIGHMI,MIA,2026-03-20,72.0,0.98,yes,84.9,yes,True
KXHIGHCHI-20MAR26-T58,KXHIGHCHI-20MAR26,KXHIGHCHI,CHI,2026-03-20,58.0,0.0505,no,48.9,no,True
KXHIGHNY-20MAR26-T37,KXHIGHNY-20MAR26,KXHIGHNY,NYC,2026-03-20,37.0,0.98,yes,51.0,yes,True
KXHIGHMI-20MAR26-T97,KXHIGHMI-20MAR26,KXHIGHMI,MIA,2026-03-20,97.0,0.0202,no,84.9,no,True
KXHIGHMI-20MAR26-T87,KXHIGHMI-20MAR26,KXHIGHMI,MIA,2026-03-20,87.0,0.3097,no,84.9,no,True
KXHIGHNY-20MAR26-T47,KXHIGHNY-20MAR26,KXHIGHNY,NYC,2026-03-20,47.0,0.7835,yes,51.0,yes,True
KXHIGHNY-20MAR26-T57,KXHIGHNY-20MAR26,KXHIGHNY,NYC,2026-03-20,57.0,0.1687,no,51.0,no,True
KXHIGHCHI-20MAR26-T43,KXHIGHCHI-20MAR26,KXHIGHCHI,CHI,2026-03-20,43.0,0.9522,yes,48.9,yes,True
KXHIGHMI-20MAR26-T92,KXHIGHMI-20MAR26,KXHIGHMI,MIA,2026-03-20,92.0,0.1085,no,84.9,no,True
KXHIGHNY-20MAR26-T62,KXHIGHNY-20MAR26,KXHIGHNY,NYC,2026-03-20,62.0,0.0461,no,51.0,no,True
KXHIGHCHI-20MAR26-T53,KXHIGHCHI-20MAR26,KXHIGHCHI,CHI,2026-03-20,53.0,0.1632,no,48.9,no,True
KXHIGHMI-20MAR26-T67,KXHIGHMI-20MAR26,KXHIGHMI,MIA,2026-03-20,67.0,0.98,yes,84.9,yes,True
KXHIGHLAX-20MAR26-T53,KXHIGHLAX-20MAR26,KXHIGHLAX,LAX,2026-03-20,53.0,0.98,yes,66.6,yes,True
KXHIGHLAX-20MAR26-T83,KXHIGHLAX-20MAR26,KXHIGHLAX,LAX,2026-03-20,83.0,0.02,no,66.6,no,True
KXHIGHLAX-21MAR26-T78,KXHIGHLAX-21MAR26,KXHIGHLAX,LAX,2026-03-21,78.0,0.0214,no,67.5,no,True
KXHIGHLAX-21MAR26-T58,KXHIGHLAX-21MAR26,KXHIGHLAX,LAX,2026-03-21,58.0,0.8576,yes,67.5,yes,True
KXHIGHCHI-21MAR26-T43,KXHIGHCHI-21MAR26,KXHIGHCHI,CHI,2026-03-21,43.0,0.9657,yes,50.5,yes,True
KXHIGHCHI-21MAR26-T33,KXHIGHCHI-21MAR26,KXHIGHCHI,CHI,2026-03-21,33.0,0.98,yes,50.5,yes,True
KXHIGHLAX-21MAR26-T63,KXHIGHLAX-21MAR26,KXHIGHLAX,LAX,2026-03-21,63.0,0.9302,yes,67.5,yes,True
KXHIGHNY-21MAR26-T57,KXHIGHNY-21MAR26,KXHIGHNY,NYC,2026-03-21,57.0,0.0827,no,52.0,no,True
KXHIGHMI-21MAR26-T82,KXHIGHMI-21MAR26,KXHIGHMI,MIA,2026-03-21,82.0,0.262,no,78.9,no,True
KXHIGHNY-21MAR26-T52,KXHIGHNY-21MAR26,KXHIGHNY,NYC,2026-03-21,52.0,0.5066,yes,52.0,yes,True
KXHIGHCHI-21MAR26-T38,KXHIGHCHI-21MAR26,KXHIGHCHI,CHI,2026-03-21,38.0,0.98,yes,50.5,yes,True
KXHIGHNY-21MAR26-T67,KXHIGHNY-21MAR26,KXHIGHNY,NYC,2026-03-21,67.0,0.02,no,52.0,no,True
KXHIGHCHI-21MAR26-T48,KXHIGHCHI-21MAR26,KXHIGHCHI,CHI,2026-03-21,48.0,0.7689,yes,50.5,yes,True
KXHIGHLAX-21MAR26-T68,KXHIGHLAX-21MAR26,KXHIGHLAX,LAX,2026-03-21,68.0,0.4365,no,67.5,no,True
KXHIGHCHI-21MAR26-T53,KXHIGHCHI-21MAR26,KXHIGHCHI,CHI,2026-03-21,53.0,0.3383,no,50.5,no,True
KXHIGHMI-21MAR26-T67,KXHIGHMI-21MAR26,KXHIGHMI,MIA,2026-03-21,67.0,0.98,yes,78.9,yes,True
KXHIGHNY-21MAR26-T62,KXHIGHNY-21MAR26,KXHIGHNY,NYC,2026-03-21,62.0,0.0453,no,52.0,no,True
KXHIGHMI-21MAR26-T97,KXHIGHMI-21MAR26,KXHIGHMI,MIA,2026-03-21,97.0,0.02,no,78.9,no,True
KXHIGHCHI-21MAR26-T58,KXHIGHCHI-21MAR26,KXHIGHCHI,CHI,2026-03-21,58.0,0.0808,no,50.5,no,True
KXHIGHCHI-21MAR26-T63,KXHIGHCHI-21MAR26,KXHIGHCHI,CHI,2026-03-21,63.0,0.02,no,50.5,no,True
KXHIGHMI-21MAR26-T87,KXHIGHMI-21MAR26,KXHIGHMI,MIA,2026-03-21,87.0,0.0419,no,78.9,no,True
KXHIGHMI-21MAR26-T77,KXHIGHMI-21MAR26,KXHIGHMI,MIA,2026-03-21,77.0,0.7328,yes,78.9,yes,True
KXHIGHMI-21MAR26-T72,KXHIGHMI-21MAR26,KXHIGHMI,MIA,2026-03-21,72.0,0.9614,yes,78.9,yes,True
KXHIGHNY-21MAR26-T47,KXHIGHNY-21MAR26,KXHIGHNY,NYC,2026-03-21,47.0,0.8439,yes,52.0,yes,True
KXHIGHMI-21MAR26-T92,KXHIGHMI-21MAR26,KXHIGHMI,MIA,2026-03-21,92.0,0.02,no,78.9,no,True
KXHIGHNY-21MAR26-T37,KXHIGHNY-21MAR26,KXHIGHNY,NYC,2026-03-21,37.0,0.98,yes,52.0,yes,True
KXHIGHLAX-21MAR26-T73,KXHIGHLAX-21MAR26,KXHIGHLAX,LAX,2026-03-21,73.0,0.1598,no,67.5,no,True
KXHIGHNY-21MAR26-T42,KXHIGHNY-21MAR26,KXHIGHNY,NYC,2026-03-21,42.0,0.9373,yes,52.0,yes,True
KXHIGHLAX-21MAR26-T83,KXHIGHLAX-21MAR26,KXHIGHLAX,LAX,2026-03-21,83.0,0.02,no,67.5,no,True
KXHIGHLAX-21MAR26-T53,KXHIGHLAX-21MAR26,KXHIGHLAX,LAX,2026-03-21,53.0,0.98,yes,67.5,yes,True
